{
"type": "FeatureCollection",
"name": "astoria-boundaries",
"crs": { "type": "name", "properties": { "name": "urn:ogc:def:crs:OGC:1.3:CRS84" } },
"features": [
{ "type": "Feature", "properties": { "borocode": "4", "boroname": "Queens", "countyfips": "081", "nta2020": "QN0101", "ntaname": "Astoria (North)-Ditmars-Steinway", "ntaabbrev": "Astr_N", "ntatype": "0", "cdta2020": "QN01", "cdtaname": "QN01 Astoria-Queensbridge (CD 1 Equivalent)", "shape_leng": "45685.6397461", "shape_area": "58301781.0542", "the_geom": { "type": "MultiPolygon", "coordinates": [ [ [ [ -73.88945486837545, 40.77353295162915 ], [ -73.88943432165382, 40.77326539109006 ], [ -73.88941280789925, 40.772985242231954 ], [ -73.8894022625021, 40.772926718073755 ], [ -73.88904000254537, 40.77091623848157 ], [ -73.88870893210384, 40.769091523748884 ], [ -73.88868841302896, 40.76897759712405 ], [ -73.88874444049091, 40.76891817925372 ], [ -73.88870027157579, 40.768909796491975 ], [ -73.88863437720524, 40.76889680669804 ], [ -73.88860184082482, 40.76888941600497 ], [ -73.8885029223487, 40.768852807577446 ], [ -73.88841083634009, 40.76880263676428 ], [ -73.88833024243536, 40.768740276113306 ], [ -73.88826504513776, 40.76866826058187 ], [ -73.88821777778394, 40.76858998789876 ], [ -73.88818930707373, 40.76850918972623 ], [ -73.88818541926055, 40.768479404391606 ], [ -73.88817759226343, 40.76842825670084 ], [ -73.88813062683815, 40.76826419297395 ], [ -73.88781814564801, 40.76720207825212 ], [ -73.8877298822487, 40.766914434872085 ], [ -73.88780699579732, 40.76689500361724 ], [ -73.88836546401782, 40.766769593135606 ], [ -73.88835471177512, 40.76669771380073 ], [ -73.88834201833508, 40.766596800355885 ], [ -73.88877310552327, 40.76651132667109 ], [ -73.88918520529235, 40.766297691929246 ], [ -73.88994886805011, 40.7661044095543 ], [ -73.8904240317573, 40.765962060575205 ], [ -73.89072002725003, 40.765886880028404 ], [ -73.89089043694021, 40.765858198612996 ], [ -73.89100243482889, 40.76611724479538 ], [ -73.89103660435524, 40.76619629553635 ], [ -73.89107078785666, 40.76627533857322 ], [ -73.89109027779136, 40.766336635603295 ], [ -73.89183523586404, 40.76628041798238 ], [ -73.8920728849803, 40.76628009136361 ], [ -73.8924635384704, 40.76628459855966 ], [ -73.89278135295163, 40.76629996220119 ], [ -73.89285368395369, 40.76630345824184 ], [ -73.89324194667238, 40.76633658872876 ], [ -73.89385987683441, 40.76642144575114 ], [ -73.8940101606602, 40.76637948586752 ], [ -73.89408253541411, 40.766329656198664 ], [ -73.89432372021464, 40.76614647173543 ], [ -73.89454354909098, 40.76618471257903 ], [ -73.89595958528913, 40.76643103416058 ], [ -73.8961020011134, 40.766454687323346 ], [ -73.90065875130139, 40.76721143403218 ], [ -73.9020251656558, 40.76741678384724 ], [ -73.90226637229974, 40.76745694444515 ], [ -73.90251104152935, 40.76748594086916 ], [ -73.90275780081615, 40.76750354661691 ], [ -73.90300528801382, 40.76750966353102 ], [ -73.90325211610632, 40.76750432294225 ], [ -73.9038699155145, 40.76749531086078 ], [ -73.9041363778018, 40.767520317309796 ], [ -73.90418895266167, 40.767530285436656 ], [ -73.9042733675036, 40.76754510474049 ], [ -73.90446527108452, 40.76758377886937 ], [ -73.90466253886187, 40.767655756717126 ], [ -73.90490866390317, 40.7677455606032 ], [ -73.90531717850827, 40.76789865071832 ], [ -73.90554848037706, 40.767976579891595 ], [ -73.90577353036042, 40.76802858875928 ], [ -73.90611305073195, 40.768067705098936 ], [ -73.90708728989495, 40.7682362315337 ], [ -73.90803079067071, 40.768384734175484 ], [ -73.90900804189174, 40.768547190199506 ], [ -73.9099800633221, 40.7686972347589 ], [ -73.91094174895495, 40.76885247317258 ], [ -73.9119402607033, 40.7690101531208 ], [ -73.91291677989145, 40.7691612979063 ], [ -73.91388850243504, 40.769323930123676 ], [ -73.91487376464488, 40.769470417345 ], [ -73.91584870585983, 40.76963357549691 ], [ -73.91633725578671, 40.76971303691324 ], [ -73.91682702403396, 40.76979148980369 ], [ -73.917257147954, 40.769853530365786 ], [ -73.91807875244565, 40.77006199589579 ], [ -73.91770217282262, 40.77039311158836 ], [ -73.91815346647954, 40.77070124254017 ], [ -73.91870527842315, 40.77107888239255 ], [ -73.91880312544701, 40.77114938855471 ], [ -73.91942178537225, 40.77159517573094 ], [ -73.9200760870303, 40.77206690987456 ], [ -73.92076339555777, 40.77255254799127 ], [ -73.92146878439146, 40.77305130718896 ], [ -73.9221669747929, 40.773546878028405 ], [ -73.92279264451732, 40.77396229534436 ], [ -73.92398142938171, 40.77461511268893 ], [ -73.92334041480186, 40.7751289120553 ], [ -73.92327783675094, 40.7751776230207 ], [ -73.92320981435874, 40.77523476925555 ], [ -73.92314549376043, 40.775287014781256 ], [ -73.92302571547225, 40.77538430988934 ], [ -73.92375761330372, 40.776547012019 ], [ -73.92331041504792, 40.77688329528268 ], [ -73.92264888601315, 40.777422651430484 ], [ -73.9219963716414, 40.77795634949526 ], [ -73.92139486601262, 40.778454444963295 ], [ -73.92078680505466, 40.778952267561166 ], [ -73.92012731135559, 40.77948895286682 ], [ -73.91939411501846, 40.780090356538786 ], [ -73.91906476590005, 40.780359563872615 ], [ -73.91861823142098, 40.780732868933214 ], [ -73.91796581435896, 40.78125629196757 ], [ -73.91975969987317, 40.782514177965204 ], [ -73.91996458792964, 40.78263506903906 ], [ -73.91909034674545, 40.78336764600402 ], [ -73.91847384225493, 40.783754157697906 ], [ -73.91818862939189, 40.7839329661137 ], [ -73.91773807440299, 40.784075951913046 ], [ -73.91724516427522, 40.78414200119841 ], [ -73.91717118646369, 40.78419348487404 ], [ -73.91718200679621, 40.784552063681986 ], [ -73.91683277016423, 40.785191392487384 ], [ -73.91575172894562, 40.786107578578125 ], [ -73.9154171875742, 40.78606392941103 ], [ -73.91534351270901, 40.78611634808684 ], [ -73.91526014002157, 40.78619221714461 ], [ -73.91558710205888, 40.78642963116634 ], [ -73.91423947898444, 40.787856209562925 ], [ -73.91259985977615, 40.7893763296344 ], [ -73.91240811000254, 40.78927430344559 ], [ -73.91266748294603, 40.78900397504382 ], [ -73.91222952426362, 40.789179279966184 ], [ -73.91206853578667, 40.78933865431553 ], [ -73.91195110905574, 40.78940179722103 ], [ -73.9120797502442, 40.78952181498958 ], [ -73.91183777669977, 40.789680884457844 ], [ -73.91169342372018, 40.789572638609854 ], [ -73.91124959039149, 40.78974393630268 ], [ -73.91094297500358, 40.78975504325384 ], [ -73.91090487032612, 40.79004068496236 ], [ -73.9102221578405, 40.79046520778237 ], [ -73.90985862925778, 40.790945493781926 ], [ -73.90677991420773, 40.7903751086532 ], [ -73.906473146101, 40.79018117520812 ], [ -73.90251173700936, 40.789472084525705 ], [ -73.90239936084069, 40.789551620685934 ], [ -73.90206327886757, 40.789494405997836 ], [ -73.90203428533763, 40.78941468692927 ], [ -73.90169686089969, 40.78932032382399 ], [ -73.90077375891737, 40.78914381825161 ], [ -73.90032629743821, 40.789007662825725 ], [ -73.90010759371353, 40.78885048959711 ], [ -73.89961637941789, 40.788400496236434 ], [ -73.89924748492666, 40.788148659625854 ], [ -73.89783180169579, 40.78718217039411 ], [ -73.89725536651027, 40.78675095694397 ], [ -73.89702410373327, 40.78665815696012 ], [ -73.89693993562564, 40.786624668969736 ], [ -73.89651204913615, 40.786068659026036 ], [ -73.89637905280328, 40.786131081583555 ], [ -73.89640086049128, 40.78615791177359 ], [ -73.89635251322336, 40.78617931020329 ], [ -73.89630366096527, 40.786119201562606 ], [ -73.89635026246752, 40.7860973196128 ], [ -73.89636888344322, 40.78612023020103 ], [ -73.8965025483398, 40.78605746784409 ], [ -73.89637855982231, 40.78590898109449 ], [ -73.89626785620464, 40.78596057194643 ], [ -73.89628652699828, 40.785983718636516 ], [ -73.89621803522918, 40.78601602287132 ], [ -73.89604376668132, 40.785799987480495 ], [ -73.89611381864466, 40.78576734216542 ], [ -73.89613322780036, 40.78579140356489 ], [ -73.89624259793263, 40.785740432991965 ], [ -73.89614015089818, 40.78560716728832 ], [ -73.89600516772023, 40.785666650238625 ], [ -73.8960274447233, 40.785689286425765 ], [ -73.89598001322786, 40.78571167576896 ], [ -73.89592962975526, 40.78564894431383 ], [ -73.89597673220963, 40.78562708775978 ], [ -73.89599975377492, 40.78565575201843 ], [ -73.89612632632591, 40.78559316880888 ], [ -73.8958291437706, 40.78522152738352 ], [ -73.89683173824393, 40.784427663703475 ], [ -73.89677700751378, 40.78438842096367 ], [ -73.89675857252605, 40.784403276011744 ], [ -73.89672269281469, 40.78437754932581 ], [ -73.89673441949779, 40.78436809984442 ], [ -73.896725136462, 40.784361442109194 ], [ -73.89673005421017, 40.78435747867783 ], [ -73.89672052173829, 40.78435064397942 ], [ -73.89675564813932, 40.7843223393758 ], [ -73.89677182707501, 40.78433394109583 ], [ -73.89678844985491, 40.78432054842669 ], [ -73.89682807945586, 40.784348964551185 ], [ -73.89680660094295, 40.78436627062626 ], [ -73.8968593888039, 40.78440412048273 ], [ -73.89715534459026, 40.784194962856944 ], [ -73.89707707781552, 40.784133831328106 ], [ -73.89706703746879, 40.78414001728137 ], [ -73.89703510112183, 40.784116162791676 ], [ -73.89704389204375, 40.78410711623443 ], [ -73.89703074018229, 40.784099004297445 ], [ -73.8970608713766, 40.78407329931854 ], [ -73.89707152062674, 40.784078550196526 ], [ -73.89708343278143, 40.784078084895505 ], [ -73.89711913265347, 40.78410051273524 ], [ -73.89711097076531, 40.784108129695746 ], [ -73.89719273550543, 40.78416853742977 ], [ -73.89729699220412, 40.78409485690664 ], [ -73.89742198964578, 40.783996314721136 ], [ -73.8973312936992, 40.78392820290866 ], [ -73.89732187904336, 40.78393486538128 ], [ -73.89728742994517, 40.783915298209145 ], [ -73.89729998277292, 40.78390625498494 ], [ -73.89728745934838, 40.783896237700844 ], [ -73.89731570793737, 40.78387195980069 ], [ -73.89734203875136, 40.78387103037463 ], [ -73.89737209664166, 40.78389345361335 ], [ -73.89736205077543, 40.78390297552036 ], [ -73.89745426052167, 40.78397087388838 ], [ -73.89761396594382, 40.78384496778481 ], [ -73.89772226528189, 40.78374346483559 ], [ -73.89764011148233, 40.783682118985595 ], [ -73.89763132509488, 40.78368830543204 ], [ -73.8975962455615, 40.78367111966727 ], [ -73.89761381306091, 40.7836616044223 ], [ -73.8975987852621, 40.78365015495002 ], [ -73.89763142253398, 40.783624928489516 ], [ -73.8976583777849, 40.783625905984735 ], [ -73.89768592455722, 40.783650708788294 ], [ -73.89768026826688, 40.78365975750807 ], [ -73.89775342406512, 40.78371426047884 ], [ -73.89781043874578, 40.78368446154508 ], [ -73.89767518069633, 40.78358427275535 ], [ -73.89876162661504, 40.782748945881956 ], [ -73.89885620397878, 40.78280430460399 ], [ -73.90114577552112, 40.78271110609064 ], [ -73.90172373164525, 40.7821292546379 ], [ -73.9017493505536, 40.7821172376041 ], [ -73.90179093113794, 40.7821019195106 ], [ -73.90185231621935, 40.782080999301016 ], [ -73.90186925588468, 40.78207403378064 ], [ -73.90188611408095, 40.782065817778744 ], [ -73.90191949285614, 40.78204562135169 ], [ -73.90195095786946, 40.782021289094516 ], [ -73.90198345147945, 40.78199048351645 ], [ -73.90205256434417, 40.781918078993655 ], [ -73.90211707957931, 40.781847706125006 ], [ -73.90217132811898, 40.781789696591694 ], [ -73.90217815316002, 40.78178056186349 ], [ -73.90218359459601, 40.78176976980419 ], [ -73.90218781908904, 40.78175713879035 ], [ -73.90230443036812, 40.7815198932185 ], [ -73.90251248041793, 40.781108251360656 ], [ -73.90258049398925, 40.78081489812364 ], [ -73.90267723582107, 40.78059413174242 ], [ -73.90267677081076, 40.78035257204673 ], [ -73.90257929672349, 40.78028912083561 ], [ -73.90234303882677, 40.78018724480459 ], [ -73.90225480922867, 40.78027416831681 ], [ -73.90218303706659, 40.78035936664952 ], [ -73.90214967411914, 40.78078049395432 ], [ -73.90203565790117, 40.78120310196295 ], [ -73.90129127618927, 40.78185841927038 ], [ -73.90121754094692, 40.781819112422 ], [ -73.90072847022454, 40.78197949528405 ], [ -73.90034572668016, 40.78206605451129 ], [ -73.90034960780339, 40.78216441002743 ], [ -73.89947947752695, 40.78216988593733 ], [ -73.89865437844038, 40.78199542032082 ], [ -73.89718604766, 40.78280720996358 ], [ -73.89711384250623, 40.78272307423865 ], [ -73.89705399045003, 40.782756353987885 ], [ -73.89704959252558, 40.78276553436071 ], [ -73.89704323062661, 40.7827740237438 ], [ -73.89703508510803, 40.78278158146877 ], [ -73.8970253868894, 40.78278799327907 ], [ -73.89701441090851, 40.78279307740404 ], [ -73.8970024683272, 40.78279668971197 ], [ -73.89698989770996, 40.78279872779624 ], [ -73.8969770554258, 40.78279913387841 ], [ -73.89693680919576, 40.782821513126365 ], [ -73.89693431565571, 40.78282897645489 ], [ -73.89693017255576, 40.78283600326329 ], [ -73.89692450306323, 40.78284238465566 ], [ -73.89691747572284, 40.78284793092322 ], [ -73.89690929944615, 40.78285247718408 ], [ -73.89690021730097, 40.782855888284956 ], [ -73.89689049928526, 40.78285806281912 ], [ -73.89688043430058, 40.782858936141054 ], [ -73.89687032156341, 40.78285848228819 ], [ -73.8968194082322, 40.782886793069395 ], [ -73.89681423587825, 40.78289503743009 ], [ -73.89680735475012, 40.78290252536829 ], [ -73.89679895119066, 40.78290905410802 ], [ -73.89678925277083, 40.7829144468487 ], [ -73.89677852212706, 40.782918557552954 ], [ -73.896767049849, 40.78292127490138 ], [ -73.89675514661018, 40.78292252530719 ], [ -73.89671207983272, 40.78294647182995 ], [ -73.8967051055797, 40.78295592059952 ], [ -73.89669611582852, 40.78296432828049 ], [ -73.89668537333635, 40.782971449128084 ], [ -73.89667319209086, 40.78297707500982 ], [ -73.89665992813276, 40.7829810414889 ], [ -73.89664596914923, 40.78298323263058 ], [ -73.89659467842824, 40.7830117517103 ], [ -73.8965929555898, 40.783018036338646 ], [ -73.89658991331801, 40.783024024990155 ], [ -73.89658563233219, 40.783029558769854 ], [ -73.89658022621815, 40.78303449085165 ], [ -73.89657383841445, 40.78303869037406 ], [ -73.89656663840664, 40.78304204591242 ], [ -73.89655881723034, 40.78304446843518 ], [ -73.89655058240254, 40.78304589366626 ], [ -73.89654215241556, 40.78304628379041 ], [ -73.89653375093987, 40.78304562845656 ], [ -73.89648431039487, 40.78307311987205 ], [ -73.89648030614353, 40.78308077819393 ], [ -73.8964747453439, 40.78308785263714 ], [ -73.89646777052972, 40.78309416186978 ], [ -73.89645956047883, 40.78309954417381 ], [ -73.8964503256308, 40.783103861590156 ], [ -73.89644030269285, 40.78310700345492 ], [ -73.89642974857273, 40.78310888923583 ], [ -73.89641893379346, 40.78310947059657 ], [ -73.8963637901165, 40.78314013294798 ], [ -73.89636175532127, 40.78314623294406 ], [ -73.89635837149744, 40.78315197633291 ], [ -73.8963537393544, 40.78315719217927 ], [ -73.8963479967541, 40.78316172524861 ], [ -73.89634131460822, 40.783165440627265 ], [ -73.8963338917914, 40.78316822773774 ], [ -73.89632594922224, 40.78317000362971 ], [ -73.89631772328842, 40.783170715448875 ], [ -73.8963094588111, 40.783170342010024 ], [ -73.89625542678834, 40.78320038730841 ], [ -73.89624754407659, 40.783210988532 ], [ -73.89623741636106, 40.78322042382111 ], [ -73.89622533536871, 40.783228421393176 ], [ -73.8962116490908, 40.78323475087888 ], [ -73.89619675175913, 40.78323922995786 ], [ -73.89618107249005, 40.783241729610566 ], [ -73.89600297728207, 40.78333672680544 ], [ -73.8960029746129, 40.783338435729554 ], [ -73.89600184769618, 40.78334099600832 ], [ -73.89600072122916, 40.783342703918265 ], [ -73.8959995927677, 40.783345265368304 ], [ -73.89599846784515, 40.78334697210695 ], [ -73.89599734071673, 40.78334868001629 ], [ -73.89599508912009, 40.783351239279995 ], [ -73.89599396353509, 40.78335294668809 ], [ -73.89599283640752, 40.78335465392729 ], [ -73.89599058636236, 40.78335636082309 ], [ -73.89598833543734, 40.7833580665454 ], [ -73.89598721051166, 40.78335977495919 ], [ -73.89598496024763, 40.78336148068202 ], [ -73.89598271020205, 40.78336318757769 ], [ -73.8959804586154, 40.78336489329924 ], [ -73.89597933369124, 40.783366600540276 ], [ -73.89597708342495, 40.78336830743562 ], [ -73.89597370959545, 40.783369157429505 ], [ -73.89597146021234, 40.78337086315285 ], [ -73.89596921060689, 40.78337257004865 ], [ -73.895966961234, 40.78337342273266 ], [ -73.89596471318603, 40.78337427374253 ], [ -73.8959624629191, 40.7833759806376 ], [ -73.89595909107102, 40.783376831637995 ], [ -73.89595684169943, 40.78337768331663 ], [ -73.89595346918897, 40.78337853498637 ], [ -73.89595122113805, 40.78337938767124 ], [ -73.89594784708648, 40.78338023816674 ], [ -73.89594559903541, 40.78338109085151 ], [ -73.8959422278604, 40.78338108780758 ], [ -73.89593997981186, 40.78338193881698 ], [ -73.8959366084164, 40.783381935772674 ], [ -73.89593435904277, 40.783382788456045 ], [ -73.89593098852885, 40.78338278541237 ], [ -73.89592761601936, 40.78338363607619 ], [ -73.89592536842233, 40.783383634046444 ], [ -73.89592199724719, 40.78338363100191 ], [ -73.89591974987054, 40.78338362897223 ], [ -73.89574317446552, 40.783481696872045 ], [ -73.89574204733012, 40.783483403606155 ], [ -73.89574091951673, 40.78348596555676 ], [ -73.89573979238119, 40.78348767229086 ], [ -73.895738666112, 40.7834902332377 ], [ -73.89573641583534, 40.78349194012832 ], [ -73.89573528958118, 40.783493646863164 ], [ -73.89573416110616, 40.7834962088131 ], [ -73.89573191171156, 40.78349791520184 ], [ -73.89572966209673, 40.783499621422834 ], [ -73.89572853496068, 40.78350132815682 ], [ -73.89572628424341, 40.78350303454426 ], [ -73.89572403484864, 40.783504740765345 ], [ -73.89572178390993, 40.78350644765505 ], [ -73.89571953451573, 40.783508153373475 ], [ -73.89571728512063, 40.78350985959441 ], [ -73.89571503618066, 40.78351071227387 ], [ -73.8957127861239, 40.783512418661644 ], [ -73.89571053606808, 40.78351412437928 ], [ -73.89570828646852, 40.78351497588532 ], [ -73.89570491394792, 40.783515827547774 ], [ -73.89570266455114, 40.783517534438495 ], [ -73.89570041495216, 40.78351838544185 ], [ -73.89569704375366, 40.78351923710523 ], [ -73.89569479437311, 40.78352008928133 ], [ -73.89569142185209, 40.783520940943376 ], [ -73.89568917225284, 40.78352179194647 ], [ -73.89568579973165, 40.78352264360835 ], [ -73.89568355167428, 40.78352349511532 ], [ -73.89568018115324, 40.78352349206431 ], [ -73.89567680775026, 40.783524343725134 ], [ -73.8956745597077, 40.78352434169009 ], [ -73.89567118851015, 40.783525192347575 ], [ -73.89566781666664, 40.78352518929502 ], [ -73.89566556994643, 40.78352518726098 ], [ -73.89566219788254, 40.78352518420806 ], [ -73.89548449389792, 40.78362581315658 ], [ -73.89548336629524, 40.78362837342955 ], [ -73.89548111532768, 40.783630934526464 ], [ -73.89547998840342, 40.78363264125818 ], [ -73.895478860579, 40.783635202201026 ], [ -73.89547661117344, 40.783636908417215 ], [ -73.89547543359778, 40.78363943195675 ], [ -73.89547323239839, 40.78364117674744 ], [ -73.89547098099025, 40.783643737173676 ], [ -73.89546985516674, 40.78364544440885 ], [ -73.89546760309794, 40.78364800433182 ], [ -73.8954653536906, 40.78364971121792 ], [ -73.89546310428497, 40.783651416931285 ], [ -73.89546085333464, 40.78365312381589 ], [ -73.89545747946451, 40.783654828509114 ], [ -73.89545522917614, 40.78365653472411 ], [ -73.89545297844766, 40.78365824043607 ], [ -73.89545072904039, 40.783659946819284 ], [ -73.89544735628876, 40.78366079847395 ], [ -73.89544510555913, 40.78366250468836 ], [ -73.89544173234748, 40.783664210554406 ], [ -73.8954394842822, 40.783665062056585 ], [ -73.89543611175135, 40.78366591320856 ], [ -73.89543273787916, 40.78366761840363 ], [ -73.8954293653481, 40.78366846955542 ], [ -73.89542711573868, 40.783669321726066 ], [ -73.89542374320666, 40.78367017338024 ], [ -73.89542037133839, 40.78367102335969 ], [ -73.8954169988062, 40.783671875013674 ], [ -73.89541362761648, 40.78367187195428 ], [ -73.89541025508599, 40.7836727224354 ], [ -73.89540688321479, 40.78367357408971 ], [ -73.89540463560797, 40.7836735720498 ], [ -73.89540126441818, 40.783673568990025 ], [ -73.89539789122522, 40.7836744201403 ], [ -73.89539452003537, 40.783674417080334 ], [ -73.89497050778469, 40.78390977515594 ], [ -73.89496938282542, 40.783911482386976 ], [ -73.89496825431544, 40.78391404332409 ], [ -73.89496712712696, 40.78391660476498 ], [ -73.8949659994976, 40.783919166205465 ], [ -73.89496487233382, 40.78392087360197 ], [ -73.89496374514509, 40.78392343504282 ], [ -73.8949614950554, 40.7839251412483 ], [ -73.89496036654488, 40.78392770218534 ], [ -73.8949581162335, 40.78392940906065 ], [ -73.8949569899512, 40.78393111629036 ], [ -73.89495473917539, 40.7839336762044 ], [ -73.89495248886473, 40.7839353824095 ], [ -73.89495023877406, 40.78393708878226 ], [ -73.89494798934476, 40.783938794988075 ], [ -73.89494573903268, 40.78394050186314 ], [ -73.89494348828156, 40.78394220756509 ], [ -73.89494123885189, 40.78394391377076 ], [ -73.89493898787907, 40.78394562014252 ], [ -73.89493673844997, 40.78394732584553 ], [ -73.89493336455074, 40.78394903102591 ], [ -73.8949311149247, 40.7839498836894 ], [ -73.89492886549341, 40.783951590564946 ], [ -73.89492549206099, 40.78395244103103 ], [ -73.89492324130786, 40.78395414740269 ], [ -73.89491986941803, 40.78395499787002 ], [ -73.89491649686505, 40.78395584950933 ], [ -73.89491424878214, 40.783956701671336 ], [ -73.89491087689022, 40.783957553311076 ], [ -73.89490750367845, 40.78395840327427 ], [ -73.89490525405176, 40.783959255937276 ], [ -73.89490188284752, 40.78395925286289 ], [ -73.89489851095713, 40.78396010332962 ], [ -73.89489513840363, 40.783960954968286 ], [ -73.8948917671993, 40.783960951893626 ], [ -73.8948895204644, 40.78396094984446 ], [ -73.89488614903966, 40.78396094676943 ], [ -73.89488277736915, 40.78396179740341 ], [ -73.89487940528318, 40.78396179432759 ], [ -73.89471407574707, 40.78405218232499 ], [ -73.8947129472233, 40.7840547442647 ], [ -73.89471182090499, 40.784057305201266 ], [ -73.89471069373157, 40.78405901309782 ], [ -73.89470956586952, 40.78406157453554 ], [ -73.89470843734621, 40.78406413597263 ], [ -73.89470618790536, 40.78406584284379 ], [ -73.89470506070607, 40.78406840310939 ], [ -73.89470393353307, 40.7840701105033 ], [ -73.89470168208086, 40.78407267091432 ], [ -73.8946994326406, 40.78407437711523 ], [ -73.89469830546656, 40.78407608501167 ], [ -73.8946960551453, 40.784077790709155 ], [ -73.89469380303213, 40.784080350616826 ], [ -73.89469155358954, 40.78408205799028 ], [ -73.89468930260671, 40.784083763687015 ], [ -73.89468705316577, 40.7840854698877 ], [ -73.89468480372443, 40.78408717625585 ], [ -73.89468255475359, 40.78408802774239 ], [ -73.89467918150086, 40.78408973358601 ], [ -73.89467693073784, 40.784091439282705 ], [ -73.89467468044253, 40.78409229194059 ], [ -73.89467130785162, 40.78409399711446 ], [ -73.89466905910052, 40.78409484876848 ], [ -73.89466568518694, 40.78409655394098 ], [ -73.89466343621449, 40.78409740609727 ], [ -73.89466006453448, 40.78409825655718 ], [ -73.89465669042814, 40.78409910818744 ], [ -73.89465444233707, 40.784099960344356 ], [ -73.89465106977336, 40.784100811975904 ], [ -73.8946476978734, 40.78410166193267 ], [ -73.89464432578036, 40.784101658849956 ], [ -73.89464095409804, 40.784102510482 ], [ -73.89463870581557, 40.78410250842655 ], [ -73.89463533325232, 40.78410335955503 ], [ -73.89463196336318, 40.78410335647398 ], [ -73.89462859149046, 40.78410335339101 ], [ -73.89462522027893, 40.784103350308555 ], [ -73.89462184906739, 40.784103347226 ], [ -73.89461960232768, 40.784103345171566 ], [ -73.89461622957337, 40.784103342087434 ], [ -73.89461285968423, 40.78410333900583 ], [ -73.89460948850238, 40.784102481711045 ], [ -73.8946061179521, 40.78410247862863 ], [ -73.89460274809358, 40.78410162083229 ], [ -73.8946005027043, 40.78410076573951 ], [ -73.89459713215408, 40.784100762656834 ], [ -73.89459376141417, 40.78409990485943 ], [ -73.89459039243674, 40.784099047566094 ], [ -73.89458814484637, 40.78409819079584 ], [ -73.89458477700003, 40.784096479961576 ], [ -73.89458253161195, 40.78409562436588 ], [ -73.89457916087248, 40.78409476656804 ], [ -73.8945769155157, 40.78409305609027 ], [ -73.89457354631736, 40.78409219946635 ], [ -73.89457130228215, 40.78409048965978 ], [ -73.89456793242468, 40.784089631862415 ], [ -73.89456568684875, 40.784087920881646 ], [ -73.89456344281467, 40.78408621057235 ], [ -73.89456119789936, 40.784084500094686 ], [ -73.89455895254234, 40.78408279028665 ], [ -73.8945567085086, 40.78408107997722 ], [ -73.89455446447525, 40.78407936950022 ], [ -73.89455221889895, 40.78407765918929 ], [ -73.89444200402878, 40.78413478596385 ], [ -73.89444424758956, 40.78413734998439 ], [ -73.8944453679978, 40.784139914651405 ], [ -73.89444648755898, 40.78414162343049 ], [ -73.89444760797004, 40.78414418642225 ], [ -73.89444872749878, 40.784146749915756 ], [ -73.89444984658601, 40.78414931391141 ], [ -73.8944509676892, 40.78415102336198 ], [ -73.89445208809978, 40.78415358685627 ], [ -73.89445320630647, 40.784156150348515 ], [ -73.89445320224524, 40.78415871231034 ], [ -73.89445432265605, 40.784161275804586 ], [ -73.89445431859409, 40.78416383826898 ], [ -73.89445431453211, 40.7841664007334 ], [ -73.89445543406228, 40.78416896372425 ], [ -73.89445543000036, 40.78417152618864 ], [ -73.89445542593764, 40.784174089155606 ], [ -73.89445429828503, 40.78417665008841 ], [ -73.89445429422305, 40.784179212552814 ], [ -73.89445429016187, 40.784181774514636 ], [ -73.89445316162484, 40.784184337121864 ], [ -73.89445315891773, 40.78418604487304 ], [ -73.89445203258721, 40.784188605806996 ], [ -73.89445090405182, 40.78419116724152 ], [ -73.89445089998894, 40.78419373020849 ], [ -73.89444977211542, 40.78419629114103 ], [ -73.89444864490142, 40.7841988530793 ], [ -73.89444639412775, 40.784200559441565 ], [ -73.89444626716217, 40.78420084746893 ], [ -73.89444526559195, 40.784203120876036 ], [ -73.89444413705687, 40.784205681807904 ], [ -73.89444301207911, 40.78420738903374 ], [ -73.89444076038995, 40.78420995061208 ], [ -73.89443851027796, 40.784211656304684 ], [ -73.89443738174248, 40.784214217236496 ], [ -73.89443513229146, 40.78421592292964 ], [ -73.89443288195793, 40.78421762912454 ], [ -73.89443062982726, 40.78422019070227 ], [ -73.89442838037586, 40.78422189639527 ], [ -73.89442612938156, 40.78422360208685 ], [ -73.89442387992808, 40.78422530895245 ], [ -73.89442163047634, 40.784227014645325 ], [ -73.89441937948088, 40.78422872083933 ], [ -73.89441600690766, 40.78422957246396 ], [ -73.8944137565729, 40.78423127882599 ], [ -73.89441038352749, 40.78423298399179 ], [ -73.89440813388596, 40.78423383614248 ], [ -73.89440475995946, 40.78423554080474 ], [ -73.89440251185977, 40.78423639345927 ], [ -73.89439913994977, 40.784237243408775 ], [ -73.89439576535982, 40.784238949242834 ], [ -73.89439351571711, 40.7842398018958 ], [ -73.89439014314564, 40.784240651844414 ], [ -73.89438677123262, 40.78424150346879 ], [ -73.89438340001409, 40.78424150037925 ], [ -73.89438002743974, 40.784242352002835 ], [ -73.89437777934137, 40.78424320348423 ], [ -73.89437440790236, 40.78424320039422 ], [ -73.8943710362094, 40.78424405201835 ], [ -73.89436766410917, 40.78424404892755 ], [ -73.89436429222933, 40.78424404583686 ], [ -73.89436092101069, 40.78424404274665 ], [ -73.89435754979205, 40.78424403965636 ], [ -73.8943541792346, 40.78424403656659 ], [ -73.89435080801594, 40.7842440334761 ], [ -73.8943474367973, 40.784244030385516 ], [ -73.89434406693495, 40.784243172581625 ], [ -73.89434069637754, 40.78424316949144 ], [ -73.89433845098685, 40.784242314393595 ], [ -73.89433507958192, 40.784241456588006 ], [ -73.89433170770221, 40.78424145349636 ], [ -73.89432833850138, 40.78424059569261 ], [ -73.8943249692988, 40.78423973906146 ], [ -73.89432272324987, 40.784238882287426 ], [ -73.8943193554051, 40.784237170272796 ], [ -73.8943159846592, 40.784236314142525 ], [ -73.89431373860972, 40.784235457870906 ], [ -73.8943103701031, 40.784233746525494 ], [ -73.89430812383338, 40.784232890253556 ], [ -73.89430475620783, 40.78423117941138 ], [ -73.89430251063389, 40.78422946842551 ], [ -73.89429914077286, 40.78422861062031 ], [ -73.89429689674007, 40.784226900808434 ], [ -73.89429465182663, 40.78422519049313 ], [ -73.89429240713474, 40.784223479507894 ], [ -73.89429016222071, 40.784221769695066 ], [ -73.894287916866, 40.7842200598818 ], [ -73.89428567419272, 40.78421749418381 ], [ -73.89428342927906, 40.784215784370865 ], [ -73.89428118458673, 40.784214074055484 ], [ -73.89428006418011, 40.784211511564735 ], [ -73.89427782014918, 40.78420980124989 ], [ -73.89427670106862, 40.784207236582496 ], [ -73.89427445571475, 40.784205526768964 ], [ -73.89427333530932, 40.78420296377554 ], [ -73.89427234227921, 40.78420068803747 ], [ -73.89427221777078, 40.78420039977961 ], [ -73.8942699737407, 40.78419868929709 ], [ -73.89426885333718, 40.7841961252985 ], [ -73.89426773293212, 40.784193562305035 ], [ -73.89426773700127, 40.784190999840646 ], [ -73.89426661791954, 40.784188436345815 ], [ -73.89426549616009, 40.78418672639028 ], [ -73.89426550022745, 40.78418416509857 ], [ -73.89426438136819, 40.78418160043122 ], [ -73.89426438543667, 40.78417903846942 ], [ -73.89426438950595, 40.784176476005015 ], [ -73.89426326844023, 40.78417391301089 ], [ -73.89426327250953, 40.78417135054652 ], [ -73.89426327657965, 40.78416878757954 ], [ -73.89426440578228, 40.78416622665002 ], [ -73.89426440985156, 40.78416366418563 ], [ -73.89426441392003, 40.7841611022238 ], [ -73.89426554092007, 40.784158540287116 ], [ -73.89426554498851, 40.784155978325295 ], [ -73.89426667217501, 40.784154270433106 ], [ -73.89426779939447, 40.78415170899917 ], [ -73.89426892793541, 40.784149148069 ], [ -73.89427005647708, 40.784146586636254 ], [ -73.89427118281549, 40.78414402469889 ], [ -73.89427230999976, 40.784142317979324 ], [ -73.89427343787919, 40.7841397570485 ], [ -73.89427456620199, 40.784137194442806 ], [ -73.89427681587486, 40.78413548875299 ], [ -73.8942779422112, 40.7841329278207 ], [ -73.89428019298664, 40.78413122162923 ], [ -73.89428244401624, 40.784128661226056 ], [ -73.89428357120184, 40.7841269533337 ], [ -73.89428582131494, 40.78412524764409 ], [ -73.89428807366836, 40.78412268606935 ], [ -73.89429032312, 40.78412098037904 ], [ -73.89429257257153, 40.7841192746887 ], [ -73.89429482356759, 40.78411756782704 ], [ -73.89429819660933, 40.78411586316716 ], [ -73.89430044826526, 40.78411415697611 ], [ -73.89430269724292, 40.78411330482691 ], [ -73.89430607050464, 40.784111600167 ], [ -73.8943083199573, 40.784109893303665 ], [ -73.89431169252586, 40.784109041682164 ], [ -73.89431394329883, 40.78410733599262 ], [ -73.89431731520412, 40.78410648554302 ], [ -73.8943195641813, 40.7841056333935 ], [ -73.89432293810421, 40.784103928231126 ], [ -73.89432631001107, 40.784103076608595 ], [ -73.89432968257826, 40.78410222548916 ], [ -73.89433193064029, 40.784102227550434 ], [ -73.89433530408975, 40.78410137592906 ], [ -73.89433867599368, 40.784100525981415 ], [ -73.89434204720506, 40.78410052907226 ], [ -73.89434541911152, 40.78409967744917 ], [ -73.89434879098404, 40.78409968054043 ], [ -73.89435216288956, 40.78409882941971 ], [ -73.89435553343966, 40.78409883250955 ], [ -73.89435890531216, 40.78409883560052 ], [ -73.89436227586225, 40.784098838690156 ], [ -73.89436564839593, 40.78409884178152 ], [ -73.89436789535586, 40.78409884384109 ], [ -73.89437126521202, 40.78409970114172 ], [ -73.89437463642336, 40.78409970423162 ], [ -73.89437800561764, 40.78410056203403 ], [ -73.89438137682902, 40.78410056512372 ], [ -73.8943847466873, 40.78410142125129 ], [ -73.894388116543, 40.78410227905401 ], [ -73.89439148706077, 40.78410313635467 ], [ -73.8943937333264, 40.784103993127566 ], [ -73.8943971023026, 40.78410484975653 ], [ -73.89440047237905, 40.78410570755911 ], [ -73.89440271776407, 40.78410656382843 ], [ -73.89440608560544, 40.78410827517058 ], [ -73.89440945612562, 40.784109131298024 ], [ -73.89441170169825, 40.78411084228182 ], [ -73.89441394573005, 40.78411255209149 ], [ -73.8944173155867, 40.784113409893365 ], [ -73.89441956115967, 40.78411512087701 ], [ -73.89442180585223, 40.78411683118971 ], [ -73.8944251736954, 40.78411854202871 ], [ -73.89442741772675, 40.78412025250824 ], [ -73.89442966330127, 40.78412196282158 ], [ -73.89443190733392, 40.78412367263091 ], [ -73.89454100171902, 40.78406569180133 ], [ -73.89453987995458, 40.78406398184843 ], [ -73.89453763595257, 40.78406141732677 ], [ -73.89453651639226, 40.784059707375874 ], [ -73.89453539598001, 40.78405714388238 ], [ -73.89453315040416, 40.784055434073636 ], [ -73.8945320321953, 40.784052871084704 ], [ -73.89453091043023, 40.78405116180181 ], [ -73.8945297900202, 40.784048597135595 ], [ -73.89452979407845, 40.784046035173716 ], [ -73.89452867451675, 40.78404432639542 ], [ -73.89452755410505, 40.784041762901836 ], [ -73.8945275581642, 40.78403920043739 ], [ -73.89452643907502, 40.78403663694501 ], [ -73.89452644313421, 40.78403407448056 ], [ -73.89452532137066, 40.78403236452752 ], [ -73.8945253254291, 40.78402980256565 ], [ -73.89452532948833, 40.78402724010116 ], [ -73.89452533354756, 40.78402467763672 ], [ -73.89452533760678, 40.78402211517225 ], [ -73.89452646478249, 40.784020408450175 ], [ -73.89452646884088, 40.78401784648829 ], [ -73.89452647290192, 40.78401528285115 ], [ -73.89452760010901, 40.784012721414605 ], [ -73.89452760416816, 40.78401015895015 ], [ -73.8945287313436, 40.784008452228036 ], [ -73.89452985766891, 40.78400589079067 ], [ -73.89453098619732, 40.78400332985787 ], [ -73.89453211337336, 40.78400162263316 ], [ -73.89453323969948, 40.783999060525645 ], [ -73.89453436822657, 40.78399650026292 ], [ -73.89453549474229, 40.783994792367466 ], [ -73.89453662327107, 40.783992230932036 ], [ -73.89453887271378, 40.78399052406417 ], [ -73.89453999900702, 40.78398881734115 ], [ -73.89454225068302, 40.78398625693344 ], [ -73.89454450012433, 40.78398455073557 ], [ -73.89454562730077, 40.78398284284062 ], [ -73.89454787875515, 40.78398028293518 ], [ -73.8945501290769, 40.78397857724059 ], [ -73.89455237851881, 40.783976870372435 ], [ -73.89455462950154, 40.78397516467836 ], [ -73.89455687894136, 40.78397345898281 ], [ -73.8945591270302, 40.783972606325186 ], [ -73.89456137779301, 40.7839709001282 ], [ -73.89456475258554, 40.783969194289426 ], [ -73.89456700067413, 40.78396834163166 ], [ -73.89456925165618, 40.78396663593729 ], [ -73.89457262333175, 40.783965784809915 ], [ -73.8945748729912, 40.78396407911421 ], [ -73.89457824554897, 40.783963227484904 ], [ -73.89458049495691, 40.78396237650334 ], [ -73.89458386619212, 40.783961524872645 ], [ -73.89458724029164, 40.78396067374705 ], [ -73.89458948837965, 40.78395982108888 ], [ -73.89459286093435, 40.78395897113438 ], [ -73.89459623349163, 40.78395811950455 ], [ -73.894599605357, 40.78395812258845 ], [ -73.8946018543245, 40.7839572711035 ], [ -73.89460522464705, 40.783957274185845 ], [ -73.89460859742448, 40.78395642255583 ], [ -73.89461196774698, 40.783956425637996 ], [ -73.89461533983267, 40.783956428721645 ], [ -73.89461758656739, 40.783956430776136 ], [ -73.89462095843268, 40.78395643385942 ], [ -73.89478403798553, 40.78386775219652 ], [ -73.894784042034, 40.78386519023456 ], [ -73.89478516699724, 40.78386348300531 ], [ -73.89478629551606, 40.78386092039471 ], [ -73.89478742315134, 40.78385835895598 ], [ -73.89478855031756, 40.78385665223128 ], [ -73.8947896775111, 40.7838540912947 ], [ -73.89479192694161, 40.78385238509196 ], [ -73.89479305545998, 40.78384982248129 ], [ -73.89479418196471, 40.783848115755944 ], [ -73.89479643340498, 40.78384555584559 ], [ -73.89479868437782, 40.78384384964413 ], [ -73.894799810691, 40.78384128753394 ], [ -73.89480206144242, 40.78383958183478 ], [ -73.8948043117537, 40.7838378756326 ], [ -73.89480656184554, 40.783836168760075 ], [ -73.8948088121558, 40.783834463060366 ], [ -73.89481106158621, 40.78383275618717 ], [ -73.89481331101466, 40.783831050486576 ], [ -73.89481556198575, 40.783829344787335 ], [ -73.89481781141478, 40.783827638584086 ], [ -73.8948211852849, 40.78382678694886 ], [ -73.89482343559632, 40.78382508007619 ], [ -73.89482680814122, 40.783824230114845 ], [ -73.894829058232, 40.78382252324186 ], [ -73.89483242945695, 40.7838216716039 ], [ -73.89483467907728, 40.78382082061755 ], [ -73.89483805162446, 40.78381996898063 ], [ -73.89484029970372, 40.7838191168201 ], [ -73.8948436715877, 40.78381826635507 ], [ -73.89484704479582, 40.78381741471848 ], [ -73.89485041888466, 40.78381656358516 ], [ -73.89485266696445, 40.7838157109218 ], [ -73.89485603750025, 40.78381571399701 ], [ -73.89485941004423, 40.78381486403471 ], [ -73.89486278124117, 40.78381486711032 ], [ -73.89486615243811, 40.78381487018582 ], [ -73.8948695243234, 40.78381401854736 ], [ -73.89487177237572, 40.783814020598115 ], [ -73.89487514357262, 40.78381402367335 ], [ -73.89487851410831, 40.78381402674791 ], [ -73.89530927247162, 40.78357611384053 ], [ -73.8953104009646, 40.78357355172726 ], [ -73.89531152813407, 40.78357099028286 ], [ -73.89531265528277, 40.78356928305041 ], [ -73.89531378156971, 40.78356672210778 ], [ -73.89531490871933, 40.78356501420519 ], [ -73.89531603721086, 40.78356245276196 ], [ -73.89531716281653, 40.78356074552806 ], [ -73.8953194131044, 40.7835590398183 ], [ -73.89532054159487, 40.7835564788776 ], [ -73.89532166654018, 40.78355477097296 ], [ -73.89532391727117, 40.78355306358827 ], [ -73.89532616689742, 40.7835513578778 ], [ -73.89532729404543, 40.78354965064519 ], [ -73.89532954345214, 40.78354794426434 ], [ -73.89533179418005, 40.783546238554756 ], [ -73.89533404446784, 40.78354453234216 ], [ -73.895336293875, 40.78354282545861 ], [ -73.89533854482298, 40.78354111974909 ], [ -73.89534079288642, 40.783540267578765 ], [ -73.8953430422914, 40.78353856186776 ], [ -73.89534641770213, 40.78353685667667 ], [ -73.8953486664265, 40.78353600450679 ], [ -73.89535091515083, 40.78353515233685 ], [ -73.89535428769524, 40.78353344764552 ], [ -73.89535653730258, 40.783532594471126 ], [ -73.89535878536627, 40.78353174179789 ], [ -73.89536215788948, 40.78353089182081 ], [ -73.89536440727545, 40.78353003914866 ], [ -73.89536777913914, 40.783529187998155 ], [ -73.89537115254632, 40.783528336346386 ], [ -73.89537339926663, 40.78352833838615 ], [ -73.89537677178947, 40.783527488408666 ], [ -73.8953801423107, 40.783527491468554 ], [ -73.8953823916963, 40.78352663879603 ], [ -73.89538576376026, 40.78352664185714 ], [ -73.89538913428143, 40.78352664491675 ], [ -73.89539138234375, 40.78352579274542 ], [ -73.89539475352608, 40.78352579580548 ], [ -73.89557132620163, 40.7834302920782 ], [ -73.89557132888004, 40.7834285843268 ], [ -73.89557245735939, 40.78342602288101 ], [ -73.89557358251643, 40.78342431497406 ], [ -73.89557470965516, 40.78342260824157 ], [ -73.89557471233532, 40.783420899317484 ], [ -73.89557584013514, 40.78341919258557 ], [ -73.89557696507053, 40.78341748534849 ], [ -73.89557809154891, 40.78341577794528 ], [ -73.89558034226599, 40.7834140722308 ], [ -73.89558146808277, 40.783412364994476 ], [ -73.89558259522293, 40.78341065708923 ], [ -73.89558372015722, 40.78340895035464 ], [ -73.89558597109615, 40.78340724346759 ], [ -73.89558709823427, 40.78340553673496 ], [ -73.89558934629073, 40.78340468405722 ], [ -73.89559047254714, 40.78340297732376 ], [ -73.89559272282347, 40.783401271106065 ], [ -73.89559497087893, 40.78340041893077 ], [ -73.8955972209365, 40.783398711540094 ], [ -73.89559834673399, 40.783397859520704 ], [ -73.89560059567164, 40.78339700684351 ], [ -73.89560284506697, 40.783395299954705 ], [ -73.89560509444264, 40.78339444895308 ], [ -73.8956073427189, 40.783393596275154 ], [ -73.89560959077286, 40.78339274476968 ], [ -73.89561184015021, 40.78339189259522 ], [ -73.89561408908669, 40.78339104042037 ], [ -73.89561633714233, 40.783390187742064 ], [ -73.89561858673805, 40.78338933674038 ], [ -73.89562195925335, 40.78338848508043 ], [ -73.89562420596896, 40.783388487115324 ], [ -73.8956264555653, 40.7833876356109 ], [ -73.89562870294206, 40.783387637646285 ], [ -73.89563207479596, 40.783386785985456 ], [ -73.89563432371547, 40.783386788022135 ], [ -73.89563657043101, 40.78338679005678 ], [ -73.8956388198078, 40.78338593788181 ], [ -73.89564218899949, 40.78338594093283 ], [ -73.89564443703739, 40.78338594296849 ], [ -73.8956466839733, 40.78338594500314 ], [ -73.89582887869102, 40.783287882832035 ], [ -73.89583000582087, 40.78328617609701 ], [ -73.89583113074673, 40.783284469359984 ], [ -73.89583225921442, 40.783281907409005 ], [ -73.89583338568474, 40.78328019950069 ], [ -73.89583338835644, 40.78327849174924 ], [ -73.89583563840297, 40.78327678485646 ], [ -73.89583676553248, 40.78327507812136 ], [ -73.89583789399823, 40.7832725171755 ], [ -73.89583901958483, 40.783270810438985 ], [ -73.89584014671493, 40.783269103201285 ], [ -73.89584239698218, 40.783267395806 ], [ -73.89584352190923, 40.783265687896176 ], [ -73.89584577149783, 40.78326483689004 ], [ -73.89584689708595, 40.783263128980785 ], [ -73.89584914801137, 40.783261423261216 ], [ -73.89585139739391, 40.78325971754021 ], [ -73.89585364676445, 40.78325886485845 ], [ -73.89585477191144, 40.78325715694872 ], [ -73.89585702195569, 40.783255450725626 ], [ -73.89585927154378, 40.783254599719214 ], [ -73.89586151959166, 40.783253747036106 ], [ -73.89586376897547, 40.783252040142195 ], [ -73.89586601922456, 40.78325118913626 ], [ -73.89586826881501, 40.78325033645441 ], [ -73.89587051752302, 40.7832494842743 ], [ -73.895873889365, 40.78324863377906 ], [ -73.89587613741172, 40.78324778159826 ], [ -73.89587838612034, 40.78324692891542 ], [ -73.89588063504668, 40.78324607790799 ], [ -73.89588400755137, 40.78324522624037 ], [ -73.89588625558453, 40.78324522827134 ], [ -73.89588850385215, 40.78324437558791 ], [ -73.89589187635481, 40.783243525092736 ], [ -73.89589412438791, 40.78324352712356 ], [ -73.8958974942336, 40.78324353016769 ], [ -73.89589974382339, 40.78324267748524 ], [ -73.89590199053407, 40.7832426795147 ], [ -73.89590536170209, 40.783242682559816 ], [ -73.89590760973516, 40.78324268459037 ], [ -73.89606377738431, 40.78315720180522 ], [ -73.89605475062164, 40.783154658246886 ], [ -73.89604638629909, 40.78315103527396 ], [ -73.89603890601761, 40.78314642887209 ], [ -73.89603250795665, 40.78314096108141 ], [ -73.8960273616236, 40.78313477676347 ], [ -73.89602360336293, 40.783128039762985 ], [ -73.89602133274404, 40.783120928567335 ], [ -73.89602060992327, 40.783113631577464 ], [ -73.89602145405019, 40.78310634211672 ], [ -73.89601782384614, 40.78310651438626 ], [ -73.89601420934171, 40.78310620553006 ], [ -73.89601072006482, 40.78310542490721 ], [ -73.89600746174868, 40.78310419617241 ], [ -73.89600453312782, 40.783102556559164 ], [ -73.89600202294623, 40.78310055575157 ], [ -73.89600000726824, 40.78309825437875 ], [ -73.89599854717348, 40.78309572217765 ], [ -73.89599768690616, 40.783093035879816 ], [ -73.89599745253429, 40.783090276886306 ], [ -73.89598684946756, 40.783091648072904 ], [ -73.89597609404456, 40.78309164317284 ], [ -73.8959654931479, 40.78309026232592 ], [ -73.89595534925105, 40.7830875449316 ], [ -73.89594595178797, 40.7830835685248 ], [ -73.89593756889454, 40.78307844656362 ], [ -73.89593043975806, 40.783072325192 ], [ -73.8959247677924, 40.78306537906981 ], [ -73.89592071483409, 40.78305780638938 ], [ -73.8959183965248, 40.78304982322035 ], [ -73.89591787901169, 40.783041657344675 ], [ -73.89591917706016, 40.78303354175741 ], [ -73.89591630068941, 40.7830342141582 ], [ -73.89591331597727, 40.783034506113395 ], [ -73.89591030935654, 40.78303440916843 ], [ -73.89590736789447, 40.78303392613066 ], [ -73.89590457677136, 40.78303307098817 ], [ -73.89590201681399, 40.78303186850457 ], [ -73.89589976215484, 40.78303035350199 ], [ -73.89589787808545, 40.78302856985269 ], [ -73.89589641916558, 40.78302656920837 ], [ -73.89589542764335, 40.783024409504755 ], [ -73.89589493223168, 40.78302215328357 ], [ -73.89589494727689, 40.78301986588158 ], [ -73.89588453814993, 40.78302105297633 ], [ -73.89587401391613, 40.78302092256798 ], [ -73.89586366122478, 40.78301947820844 ], [ -73.89585376205285, 40.783016759237825 ], [ -73.89584458602465, 40.78301283971293 ], [ -73.89583638306814, 40.78300782639014 ], [ -73.89582937660745, 40.783001855817545 ], [ -73.89582375747756, 40.782995090616 ], [ -73.89581967872653, 40.78298771504952 ], [ -73.89581725144693, 40.78297993000675 ], [ -73.89581654175001, 40.782971947529035 ], [ -73.89581756896523, 40.78296398503528 ], [ -73.89579357075607, 40.7829458710968 ], [ -73.89578212877042, 40.78294652881925 ], [ -73.8957706996527, 40.782945752520035 ], [ -73.89575959236579, 40.78294356318478 ], [ -73.89574910717248, 40.78294001999769 ], [ -73.89573952751834, 40.78293521874159 ], [ -73.89573111236946, 40.78292928920857 ], [ -73.89572408921173, 40.78292239169136 ], [ -73.89571864790125, 40.78291471265005 ], [ -73.89571493553198, 40.78290645967165 ], [ -73.89571305245946, 40.782897855858145 ], [ -73.89571304958785, 40.782889133795656 ], [ -73.89570846360164, 40.782888027527115 ], [ -73.89570414333328, 40.782886417817004 ], [ -73.89570018382658, 40.78288434007817 ], [ -73.89569667218873, 40.78288184001993 ], [ -73.895693685674, 40.782878972642266 ], [ -73.89569128998419, 40.78287580102614 ], [ -73.89568388888817, 40.78287033283125 ], [ -73.89567466290403, 40.78287235294921 ], [ -73.89566511840792, 40.78287314451146 ], [ -73.89565553638548, 40.782872684214716 ], [ -73.89564619892714, 40.78287098560991 ], [ -73.89563738092339, 40.78286809870321 ], [ -73.89562934197218, 40.78286410848383 ], [ -73.89562231873639, 40.78285913242198 ], [ -73.89561651797653, 40.78285331701063 ], [ -73.8956121104639, 40.7828468334527 ], [ -73.89560922595314, 40.782839872621054 ], [ -73.89560794936233, 40.782832639439114 ], [ -73.89560831827315, 40.78282534684817 ], [ -73.89561032182452, 40.782818209538405 ], [ -73.89560553354495, 40.782817496103455 ], [ -73.89560094568526, 40.782816233278034 ], [ -73.89559666665073, 40.78281445090112 ], [ -73.89559279754957, 40.782812191088034 ], [ -73.89558942980368, 40.78280950723533 ], [ -73.89558664298858, 40.78280646275898 ], [ -73.89558450295308, 40.782803129596154 ], [ -73.8955830602634, 40.782799586505234 ], [ -73.89558243942686, 40.78279671689987 ], [ -73.89558227729276, 40.78279381136304 ], [ -73.89558257621643, 40.782790912103664 ], [ -73.8955708104995, 40.7827923769492 ], [ -73.89555888835953, 40.782792447079686 ], [ -73.89554709422629, 40.782791120821976 ], [ -73.89553570947561, 40.78278842981696 ], [ -73.89552500571652, 40.78278443826467 ], [ -73.89551523831133, 40.78277924139269 ], [ -73.89542536848006, 40.78271997080437 ], [ -73.89477429053537, 40.78225359249429 ], [ -73.89542197971666, 40.781717771016304 ], [ -73.89535750567514, 40.78165765713345 ], [ -73.89535083030222, 40.78166394584002 ], [ -73.89527872466527, 40.78172268695957 ], [ -73.89528796173529, 40.781729238226546 ], [ -73.89462439338403, 40.782269809190765 ], [ -73.89460091774589, 40.78225315898136 ], [ -73.8952373986715, 40.781734654773466 ], [ -73.89521264204438, 40.78171709670758 ], [ -73.89524343107055, 40.7816920153175 ], [ -73.8952661225134, 40.781708110175565 ], [ -73.89531098163927, 40.781671565894044 ], [ -73.89531667833319, 40.78167560575166 ], [ -73.89534092170135, 40.78165585474445 ], [ -73.8953485046738, 40.78164926548439 ], [ -73.89532558010085, 40.78162627391096 ], [ -73.89535590038525, 40.78159565149599 ], [ -73.89534447842294, 40.78158556631129 ], [ -73.89528467911305, 40.7815412492548 ], [ -73.89527648089776, 40.78155307297081 ], [ -73.89526579426177, 40.781563686522254 ], [ -73.89525292085878, 40.78157279031736 ], [ -73.89523822406939, 40.78158012738055 ], [ -73.8952315192508, 40.78159093283277 ], [ -73.8952227873264, 40.78160086648128 ], [ -73.89521222004244, 40.78160971018994 ], [ -73.89520004944866, 40.781617269756865 ], [ -73.89518654280276, 40.78162337917896 ], [ -73.89518621084044, 40.781644994973014 ], [ -73.89518095260196, 40.78166623951695 ], [ -73.89517092741374, 40.78168646907524 ], [ -73.89515643904737, 40.78170507066703 ], [ -73.89513792651522, 40.78172148064045 ], [ -73.89511595076829, 40.781735201752056 ], [ -73.8950911776987, 40.78174581823414 ], [ -73.89506435796235, 40.78175300839315 ], [ -73.8950609539905, 40.78176120857199 ], [ -73.89505582515403, 40.78176887270718 ], [ -73.89504911062845, 40.78177579282494 ], [ -73.89504099261859, 40.78178178114088 ], [ -73.89503169141446, 40.781786675156106 ], [ -73.89502145941343, 40.781790342066564 ], [ -73.8950105742711, 40.78179268236689 ], [ -73.89500426064102, 40.78181301420946 ], [ -73.89499345069383, 40.78183222091785 ], [ -73.89497846512408, 40.781849732687334 ], [ -73.89495974850549, 40.78186502999643 ], [ -73.89493785610178, 40.781877659019734 ], [ -73.89491343739397, 40.781887245091625 ], [ -73.89488721681201, 40.78189350382173 ], [ -73.89488496839817, 40.78190215252349 ], [ -73.89488094970069, 40.78191042232854 ], [ -73.89487526177001, 40.781918105290735 ], [ -73.89486804762996, 40.78192500822019 ], [ -73.8948594886814, 40.781930957541036 ], [ -73.89484980014093, 40.7819358036561 ], [ -73.89483922562921, 40.78193942470854 ], [ -73.894828031045, 40.78194172964609 ], [ -73.89482005609607, 40.78196182401892 ], [ -73.89480821818269, 40.78198078613125 ], [ -73.89479278344416, 40.78199818967284 ], [ -73.89477409888514, 40.78201364337333 ], [ -73.89475258457436, 40.78202679979886 ], [ -73.89472872420062, 40.78203736316324 ], [ -73.89470305419832, 40.78204509597809 ], [ -73.89470149815008, 40.78205312348572 ], [ -73.89469817337931, 40.78206083405753 ], [ -73.89469317623515, 40.78206800424609 ], [ -73.89468665153117, 40.78207442626384 ], [ -73.89467878834884, 40.782079914004704 ], [ -73.89466981455807, 40.78208430843732 ], [ -73.89465999021367, 40.78208748221372 ], [ -73.89464960001914, 40.782089343359715 ], [ -73.8946429797258, 40.78210909810588 ], [ -73.8946321465195, 40.78212774656647 ], [ -73.89461739962843, 40.78214477363929 ], [ -73.89459914638444, 40.782159709007104 ], [ -73.89457789097179, 40.78217214012903 ], [ -73.894554220501, 40.78218172363554 ], [ -73.89452878879166, 40.7821881948132 ], [ -73.89452289517854, 40.78219953254736 ], [ -73.8945147639889, 40.78221004027408 ], [ -73.89450459119256, 40.78221946474523 ], [ -73.89449262196467, 40.782227578820375 ], [ -73.89447914477678, 40.782234186941004 ], [ -73.8944644844443, 40.78223912984378 ], [ -73.89445904523411, 40.78225694091506 ], [ -73.89444990515513, 40.78227385419863 ], [ -73.89443730258799, 40.7822894285774 ], [ -73.89442156621949, 40.782303257854075 ], [ -73.89440310647026, 40.782314981345394 ], [ -73.89438240479058, 40.78232429328913 ], [ -73.89436000110359, 40.782330950819016 ], [ -73.89433647972336, 40.78233478029876 ], [ -73.89433563699292, 40.782342605348724 ], [ -73.89433312559079, 40.7823502209624 ], [ -73.89432901285011, 40.782357422956125 ], [ -73.89432340903782, 40.782364018235896 ], [ -73.89431646439847, 40.7823698299743 ], [ -73.8943083651259, 40.78237470235166 ], [ -73.8942993283712, 40.7823785047336 ], [ -73.89428959642066, 40.78238113517366 ], [ -73.8942794301997, 40.782382523146474 ], [ -73.89427308559668, 40.78240085248042 ], [ -73.89426271457914, 40.78241808840992 ], [ -73.8942486220937, 40.78243372412939 ], [ -73.89423122251388, 40.78244729988558 ], [ -73.89421102745604, 40.782458416496226 ], [ -73.89418863073593, 40.78246674708765 ], [ -73.89416469090793, 40.7824720467065 ], [ -73.89413991190071, 40.78247415952224 ], [ -73.89411502231862, 40.78247302340947 ], [ -73.89409075401744, 40.78246867177453 ], [ -73.89406782058444, 40.782461232573304 ], [ -73.89404689635576, 40.782450924548755 ], [ -73.894028596588, 40.78243805079879 ], [ -73.89401345936696, 40.78242298986395 ], [ -73.8940017780384, 40.7824244429928 ], [ -73.89398994178568, 40.78242452337904 ], [ -73.8939782281633, 40.78242322913776 ], [ -73.89396691185, 40.782420590618244 ], [ -73.89395625820787, 40.78241666969244 ], [ -73.89394651705945, 40.782411558304204 ], [ -73.89393791682966, 40.78240537631309 ], [ -73.8939306591893, 40.78239826868371 ], [ -73.8939071510805, 40.78240092006563 ], [ -73.89388338816877, 40.78240065447324 ], [ -73.89385999277845, 40.78239747886205 ], [ -73.8938375776086, 40.782391476397805 ], [ -73.89381672968713, 40.78238280427831 ], [ -73.8937979949969, 40.78237168961662 ], [ -73.89378186417694, 40.782358423493015 ], [ -73.89376875967316, 40.782343353331996 ], [ -73.89375902467506, 40.78232687380344 ], [ -73.89375291412806, 40.7823094164866 ], [ -73.89374075949536, 40.782306401801286 ], [ -73.89372943630849, 40.78230188881781 ], [ -73.8937192615912, 40.78229600388964 ], [ -73.89371052021242, 40.782288911781585 ], [ -73.89370345691064, 40.78228081105671 ], [ -73.8936982694417, 40.782271928517 ], [ -73.89366772698189, 40.782264105737724 ], [ -73.89363936722398, 40.78225246617112 ], [ -73.89361400859983, 40.78223734572305 ], [ -73.89359238293036, 40.78221918075366 ], [ -73.8935751143059, 40.782198495484465 ], [ -73.89356270107572, 40.782175886869574 ], [ -73.89355402716863, 40.782174411737095 ], [ -73.89354577527438, 40.78217190113875 ], [ -73.89353815782192, 40.782168419705044 ], [ -73.89353137090762, 40.7821640570587 ], [ -73.8935255892472, 40.78215892550752 ], [ -73.89352096167798, 40.782153157153324 ], [ -73.89351760732733, 40.78214690049103 ], [ -73.89351561254601, 40.782140316586116 ], [ -73.89348965072794, 40.78213501062635 ], [ -73.89346528035881, 40.7821263830711 ], [ -73.89344323071687, 40.78211469209845 ], [ -73.89342416163211, 40.7821002875585 ], [ -73.89340864374083, 40.78208360050412 ], [ -73.89339714140957, 40.78206513029159 ], [ -73.89338999883925, 40.782045429637385 ], [ -73.89338099469877, 40.78204563518237 ], [ -73.89337206538659, 40.78204473096825 ], [ -73.89336344606528, 40.78204274080843 ], [ -73.89335536373343, 40.78203971711579 ], [ -73.89334803124743, 40.78203573952234 ], [ -73.89334164171555, 40.782030912782105 ], [ -73.89333636341242, 40.782025364012114 ], [ -73.89333233534711, 40.782019239344784 ], [ -73.89332966360237, 40.78201270007938 ], [ -73.89332841854088, 40.78200591843391 ], [ -73.89332863295209, 40.781999073009665 ], [ -73.89330984874537, 40.781999861872 ], [ -73.89329113505848, 40.781998395521896 ], [ -73.89327295758399, 40.78199471044972 ], [ -73.8932557686707, 40.781988898358954 ], [ -73.89323999606654, 40.7819811038842 ], [ -73.8932260322741, 40.78197152099192 ], [ -73.89321422478304, 40.78196038815338 ], [ -73.8932048674228, 40.78194798241042 ], [ -73.89319819305065, 40.78193461248096 ], [ -73.89319436775718, 40.781920611076636 ], [ -73.89316202561447, 40.78190028083078 ], [ -73.89313414972766, 40.781876433071226 ], [ -73.89310800166824, 40.781869826245554 ], [ -73.89308341028196, 40.781860377067254 ], [ -73.89306090692064, 40.781848289707156 ], [ -73.89230750203646, 40.78246604157377 ], [ -73.89229702094441, 40.782534350488575 ], [ -73.89281494422093, 40.782913214982656 ], [ -73.89274917876415, 40.782965706684784 ], [ -73.89214593583782, 40.782540842691475 ], [ -73.89165459123726, 40.78219478153073 ], [ -73.89171690105486, 40.78214228602732 ], [ -73.89188955621877, 40.78225806580529 ], [ -73.89214162714599, 40.7824317265032 ], [ -73.89224191097368, 40.78241079956371 ], [ -73.89300986180193, 40.78179802356222 ], [ -73.8930006898945, 40.78177971925836 ], [ -73.89298944040662, 40.78177661770317 ], [ -73.89297902279347, 40.781772141766496 ], [ -73.89296972522784, 40.781766415262155 ], [ -73.89296180489957, 40.781759596597176 ], [ -73.89295548090091, 40.781751874390054 ], [ -73.89295092816623, 40.781743462253026 ], [ -73.89292378243894, 40.78173841653663 ], [ -73.8928981286231, 40.781729991959885 ], [ -73.89287468890666, 40.78171842568566 ], [ -73.89285412314682, 40.78170404331966 ], [ -73.89283701029419, 40.78168724974394 ], [ -73.89282383209446, 40.78166851771892 ], [ -73.8928149595269, 40.78164837457442 ], [ -73.89279607123369, 40.78164223468309 ], [ -73.89277875372518, 40.78163383477354 ], [ -73.89276347100113, 40.781623399910515 ], [ -73.89275063254138, 40.78161120968274 ], [ -73.8927270755011, 40.78160525578739 ], [ -73.89270499095143, 40.781596637155396 ], [ -73.8926848969815, 40.78158555597451 ], [ -73.8926672649821, 40.78157227220226 ], [ -73.89265250858698, 40.78155709746733 ], [ -73.89264097396938, 40.78154038775901 ], [ -73.89263293172114, 40.78152253507575 ], [ -73.89261894815446, 40.78151841278771 ], [ -73.89260590834243, 40.7815127799254 ], [ -73.8925940928388, 40.78150575768095 ], [ -73.89258375585594, 40.78149749713923 ], [ -73.89257511979527, 40.78148817602726 ], [ -73.89256837046231, 40.78147799489036 ], [ -73.89254346998545, 40.781472831931346 ], [ -73.89251990370924, 40.78146483072993 ], [ -73.89249822781187, 40.78145418011944 ], [ -73.89247895385681, 40.78144113146077 ], [ -73.89246253671938, 40.781425992710105 ], [ -73.8924493638516, 40.781409121150794 ], [ -73.89243974613807, 40.781390914961236 ], [ -73.89242833834699, 40.78138788350189 ], [ -73.8924176831658, 40.781383549446 ], [ -73.89240803617109, 40.78137801675088 ], [ -73.89239962875676, 40.781371418124536 ], [ -73.89239266258382, 40.78136391184255 ], [ -73.8923873047433, 40.78135567795153 ], [ -73.89235597152201, 40.78134718342753 ], [ -73.89232690327587, 40.78133488689206 ], [ -73.89230089189098, 40.78131912333171 ], [ -73.89227864597596, 40.781300322182815 ], [ -73.89217832400543, 40.78137075104876 ], [ -73.89216184201905, 40.78135819165574 ], [ -73.89211148854682, 40.781395179209106 ], [ -73.89208480450479, 40.78137365032211 ], [ -73.89224627026235, 40.78125475229792 ], [ -73.89223503512572, 40.781243993527696 ], [ -73.89222640840981, 40.781231923478686 ], [ -73.89222064846467, 40.78121890362286 ], [ -73.89221792778646, 40.78120532387655 ], [ -73.89219774243168, 40.781205094352856 ], [ -73.89217786783186, 40.78120240257333 ], [ -73.89215882039412, 40.781197318479165 ], [ -73.89214109503284, 40.781189974171774 ], [ -73.8921251523102, 40.78118056048017 ], [ -73.89211140646916, 40.78116932200269 ], [ -73.89210021466998, 40.78115655075132 ], [ -73.89209186771015, 40.781142578564406 ], [ -73.89208658246864, 40.78112776848417 ], [ -73.89208449627081, 40.7811125053238 ], [ -73.89207759310369, 40.78111342825868 ], [ -73.89207058397255, 40.78111343017015 ], [ -73.892063679936, 40.7811125110007 ], [ -73.89205708888805, 40.78111069842826 ], [ -73.89205100929803, 40.781108047032944 ], [ -73.89204562423411, 40.78110463665342 ], [ -73.89204109585096, 40.781100569982875 ], [ -73.89203756050676, 40.78109596947661 ], [ -73.89203512465741, 40.78109097366478 ], [ -73.89203386165075, 40.78108573298091 ], [ -73.89203380951803, 40.78108040523204 ], [ -73.8920349698288, 40.781075150846895 ], [ -73.89201473540045, 40.7810747794766 ], [ -73.89199485119514, 40.78107190608508 ], [ -73.89197584902863, 40.78106660752303 ], [ -73.89195823712575, 40.78105902550386 ], [ -73.8919424865274, 40.781049362813484 ], [ -73.89192901849225, 40.78103787788651 ], [ -73.89191819322978, 40.781024877894325 ], [ -73.8919103002665, 40.781010710529394 ], [ -73.89190555070233, 40.78099575470611 ], [ -73.89190407156488, 40.78098041042628 ], [ -73.89190406397665, 40.780966955876046 ], [ -73.89190683062994, 40.7809536667006 ], [ -73.8919123031394, 40.780940871369964 ], [ -73.89192034623903, 40.78092888614751 ], [ -73.891868794552, 40.780892684116445 ], [ -73.89184879376019, 40.78090141976096 ], [ -73.89182713161306, 40.78090744613799 ], [ -73.89180443763588, 40.780910588114494 ], [ -73.89178137134049, 40.78091075438113 ], [ -73.89175860305879, 40.780907940106054 ], [ -73.89173679446202, 40.78090222707517 ], [ -73.8917165793315, 40.780893781315406 ], [ -73.89169854514012, 40.78088284826964 ], [ -73.89168321597964, 40.78086974566398 ], [ -73.89167103732991, 40.78085485427387 ], [ -73.89166236311296, 40.7808386068586 ], [ -73.89165744540769, 40.780821475584595 ], [ -73.89165642712459, 40.78080395830371 ], [ -73.89165933785294, 40.78078656408519 ], [ -73.89166609300115, 40.780769798421574 ], [ -73.8916588007794, 40.78076661509569 ], [ -73.89165234114587, 40.780762522503316 ], [ -73.89164690812935, 40.780757643574255 ], [ -73.89164266492189, 40.780752124857585 ], [ -73.89163973897703, 40.78074613211977 ], [ -73.89163821818138, 40.78073984536549 ], [ -73.89163814821485, 40.780733453430706 ], [ -73.89163953117864, 40.78072714831073 ], [ -73.89164232553212, 40.780721119393085 ], [ -73.89164644734062, 40.78071554776895 ], [ -73.89163697362133, 40.78070859694043 ], [ -73.89161945798145, 40.78069682452401 ], [ -73.89160475144045, 40.78068300820042 ], [ -73.89159326079658, 40.78066753014533 ], [ -73.89158530389192, 40.78065081849949 ], [ -73.89158110082072, 40.78063333552593 ], [ -73.89158076784162, 40.78061556482304 ], [ -73.8915843141621, 40.780597997947794 ], [ -73.89159164168416, 40.78058112081864 ], [ -73.89160254771812, 40.78056540027463 ], [ -73.89161673058953, 40.78055127116209 ], [ -73.89163379798394, 40.7805391243065 ], [ -73.89165327779894, 40.78052929570189 ], [ -73.89167463120289, 40.78052205721705 ], [ -73.89167988935391, 40.78050892035327 ], [ -73.89168741475613, 40.78049643716542 ], [ -73.89169832106514, 40.78048355510318 ], [ -73.8917116359191, 40.780472055587325 ], [ -73.89172706068786, 40.78046219653201 ], [ -73.89172861206357, 40.78044467251135 ], [ -73.8917338981269, 40.78042757466696 ], [ -73.8917427776598, 40.78041135976153 ], [ -73.89175501344647, 40.78039646097002 ], [ -73.89177027861065, 40.78038327630758 ], [ -73.89178816534826, 40.780372157997 ], [ -73.89180819582172, 40.78036340305908 ], [ -73.89182983492513, 40.78035724537808 ], [ -73.89185250457938, 40.78035384945367 ], [ -73.89184972450708, 40.780348739323514 ], [ -73.89184813150258, 40.78034334367921 ], [ -73.89184777222862, 40.780337820572434 ], [ -73.89184865720888, 40.78033233178854 ], [ -73.89185076051986, 40.780327038107416 ], [ -73.89185402055014, 40.78032209459395 ], [ -73.89185834180527, 40.780317646055586 ], [ -73.89186359770501, 40.780313822800885 ], [ -73.8918696342912, 40.780310736822216 ], [ -73.89187627473751, 40.78030847851531 ], [ -73.89188332452923, 40.78030711403148 ], [ -73.89189057716094, 40.7803066833397 ], [ -73.89189782018556, 40.78030719905602 ], [ -73.8919048414375, 40.78030864607382 ], [ -73.89190843215673, 40.78029036705587 ], [ -73.89191589729636, 40.780272778097235 ], [ -73.89192703687947, 40.78025635036571 ], [ -73.8919415524999, 40.78024152392206 ], [ -73.89195905531605, 40.78022869593206 ], [ -73.89197907646712, 40.78021821002734 ], [ -73.89200107963288, 40.78021034710048 ], [ -73.89202447540029, 40.780205317780535 ], [ -73.8920253185006, 40.78019700256395 ], [ -73.89202790632545, 40.78018889799953 ], [ -73.89203217178007, 40.78018121421326 ], [ -73.89203800427407, 40.780174150421544 ], [ -73.89204525258877, 40.78016788976626 ], [ -73.89205372879793, 40.780162594566406 ], [ -73.89206321314, 40.78015840210977 ], [ -73.89207345971592, 40.78015542109345 ], [ -73.89208420286442, 40.780153728805715 ], [ -73.89209092157762, 40.78013379516799 ], [ -73.8921016569689, 40.78011490495774 ], [ -73.89211614507809, 40.78009752263893 ], [ -73.89213402967565, 40.78008207559972 ], [ -73.89215487102169, 40.780068943644395 ], [ -73.89217815667821, 40.780058449654746 ], [ -73.89220331410863, 40.78005085165157 ], [ -73.89220959072718, 40.78004222670744 ], [ -73.89221743355728, 40.780034377402956 ], [ -73.89222667960969, 40.78002746686133 ], [ -73.8922371367338, 40.78002163869659 ], [ -73.8922465188453, 40.78001773300852 ], [ -73.89225644458102, 40.78001470160584 ], [ -73.8922667735545, 40.780012587363714 ], [ -73.89226759637123, 40.78000307265543 ], [ -73.89226953828597, 40.779993652364894 ], [ -73.89227640997645, 40.779975968901134 ], [ -73.89228720076757, 40.7799594550567 ], [ -73.89230158555652, 40.77994460835312 ], [ -73.89231913096306, 40.77993187608479 ], [ -73.89233930838625, 40.779921641843174 ], [ -73.89236150993001, 40.77991421396024 ], [ -73.89238693345641, 40.779907428463666 ], [ -73.89238594725953, 40.77990319124183 ], [ -73.89238594229016, 40.77989888821712 ], [ -73.89238691869859, 40.77989464968561 ], [ -73.89238884691889, 40.779890603990474 ], [ -73.8923933526454, 40.779884429068716 ], [ -73.89239897380976, 40.77987880745433 ], [ -73.89240559484587, 40.77987385472243 ], [ -73.8924130796313, 40.77986967269649 ], [ -73.89241853906692, 40.77986745214699 ], [ -73.892424355932, 40.779865839103635 ], [ -73.89243041393675, 40.7798648658141 ], [ -73.8924365919707, 40.77986455173622 ], [ -73.89244276652364, 40.77986490314896 ], [ -73.89244504715477, 40.779842060831754 ], [ -73.89244763140518, 40.779831187962245 ], [ -73.89245239470117, 40.77982074919488 ], [ -73.89245922263521, 40.77981099525176 ], [ -73.8924679512107, 40.779802160406526 ], [ -73.89247837078103, 40.77979445685753 ], [ -73.89249023108498, 40.7797880696311 ], [ -73.89250324725751, 40.7797831521378 ], [ -73.89251710667185, 40.779779822487505 ], [ -73.89253484564902, 40.779770519588524 ], [ -73.8925128172442, 40.77974178684951 ], [ -73.89249619226818, 40.779702112696384 ], [ -73.89249710706602, 40.77967441203677 ], [ -73.89254394803139, 40.779575595747175 ], [ -73.89254018145552, 40.77955183427149 ], [ -73.8924774877329, 40.77951465264368 ], [ -73.89245856426392, 40.77952809352349 ], [ -73.89243701349265, 40.77953901192363 ], [ -73.89241341100093, 40.779547116232905 ], [ -73.89238838716922, 40.77955218999952 ], [ -73.89236261034004, 40.77955409771202 ], [ -73.8923367689675, 40.779552788418734 ], [ -73.89231155322955, 40.77954829708862 ], [ -73.89228763659428, 40.7795407436772 ], [ -73.89222623412802, 40.77953164432694 ], [ -73.8921639309213, 40.77952735346803 ], [ -73.89210137690601, 40.77952791586171 ], [ -73.89203922463034, 40.779533325641175 ], [ -73.89197812245177, 40.77954352637294 ], [ -73.8918179184095, 40.77958857362862 ], [ -73.89166859702924, 40.77949253890732 ], [ -73.89150718848516, 40.779097866668266 ], [ -73.89129658525378, 40.778915764469026 ], [ -73.89119589704401, 40.77856328788711 ], [ -73.89218330746357, 40.77772181348743 ], [ -73.89252259860889, 40.77740462898908 ], [ -73.89250271923294, 40.777364694300026 ], [ -73.89225365703457, 40.77720452302893 ], [ -73.89213229037036, 40.777090936380056 ], [ -73.8920407755242, 40.77696289817074 ], [ -73.89184469282264, 40.776685510408754 ], [ -73.89177229718678, 40.776593521153984 ], [ -73.89165216031034, 40.77656232355036 ], [ -73.89153058423848, 40.77647676928534 ], [ -73.89143415108133, 40.77638052364604 ], [ -73.89141605902313, 40.77633895673688 ], [ -73.89140128178528, 40.776044864880916 ], [ -73.89148016646908, 40.77589684238881 ], [ -73.8915298715754, 40.77560563119804 ], [ -73.89166785647701, 40.775484562097674 ], [ -73.89176577778613, 40.775357187905215 ], [ -73.89180883450177, 40.77521964106699 ], [ -73.89179251028406, 40.77508872809509 ], [ -73.89183244838402, 40.77488019988817 ], [ -73.89172547780568, 40.775052032636644 ], [ -73.89171751335823, 40.77516363289299 ], [ -73.89168935121019, 40.77525473834614 ], [ -73.89152759149385, 40.77547813587066 ], [ -73.89144361941385, 40.775622694710286 ], [ -73.89135801404615, 40.77604940843274 ], [ -73.8913676627334, 40.77634299857856 ], [ -73.89145185778517, 40.776512769774115 ], [ -73.89126414650903, 40.776855855375224 ], [ -73.8911042266552, 40.777023206974754 ], [ -73.8911204433948, 40.77712469973603 ], [ -73.89106681482168, 40.7772129253055 ], [ -73.89094860701744, 40.77728384567586 ], [ -73.89073132114231, 40.777332049867766 ], [ -73.89056250595358, 40.77740392096433 ], [ -73.89049834642213, 40.77746263585202 ], [ -73.89045915776636, 40.777550497756046 ], [ -73.89046537395127, 40.777703219287105 ], [ -73.8903519308253, 40.777800320777445 ], [ -73.89017369574684, 40.77785081277847 ], [ -73.89008729416882, 40.77778419310434 ], [ -73.89002369161324, 40.777247126407005 ], [ -73.88951644447114, 40.77593671444629 ], [ -73.88947151209312, 40.77573805652406 ], [ -73.88947105465788, 40.775535551470476 ], [ -73.8895551248035, 40.77527870961293 ], [ -73.88956149685706, 40.77509223860255 ], [ -73.8895818473179, 40.77503505011703 ], [ -73.88958935667853, 40.77495871019191 ], [ -73.88961448773951, 40.77484568714218 ], [ -73.88978900756065, 40.77423686116986 ], [ -73.88984246624426, 40.774100378557414 ], [ -73.88988671629508, 40.77401734957684 ], [ -73.89006760152654, 40.773962483753415 ], [ -73.89019171586698, 40.773646876728236 ], [ -73.89008921733482, 40.77362643552551 ], [ -73.88997672804925, 40.77372361065126 ], [ -73.88985169893567, 40.77375329736332 ], [ -73.88975035178018, 40.77371739585029 ], [ -73.88960719661047, 40.77362033816208 ], [ -73.88952353236938, 40.773575180005714 ], [ -73.88945486837545, 40.77353295162915 ] ] ] ] }, "ntaname_normalized": "astoria (north)-ditmars-steinway" }, "geometry": { "type": "MultiPolygon", "coordinates": [ [ [ [ -73.889454868375452, 40.77353295162915 ], [ -73.889434321653823, 40.773265391090057 ], [ -73.889412807899248, 40.772985242231954 ], [ -73.889402262502102, 40.772926718073755 ], [ -73.889040002545372, 40.770916238481568 ], [ -73.888708932103839, 40.769091523748884 ], [ -73.888688413028959, 40.768977597124049 ], [ -73.88874444049091, 40.768918179253717 ], [ -73.888700271575786, 40.768909796491975 ], [ -73.888634377205236, 40.768896806698038 ], [ -73.888601840824819, 40.768889416004967 ], [ -73.888502922348707, 40.768852807577446 ], [ -73.888410836340086, 40.768802636764278 ], [ -73.888330242435359, 40.768740276113306 ], [ -73.888265045137757, 40.768668260581869 ], [ -73.888217777783936, 40.768589987898757 ], [ -73.888189307073731, 40.768509189726231 ], [ -73.888185419260552, 40.768479404391606 ], [ -73.888177592263432, 40.768428256700837 ], [ -73.888130626838148, 40.768264192973952 ], [ -73.887818145648012, 40.767202078252119 ], [ -73.887729882248706, 40.766914434872085 ], [ -73.88780699579732, 40.766895003617243 ], [ -73.888365464017824, 40.766769593135606 ], [ -73.888354711775122, 40.766697713800731 ], [ -73.888342018335081, 40.766596800355885 ], [ -73.888773105523271, 40.766511326671093 ], [ -73.88918520529235, 40.766297691929246 ], [ -73.889948868050112, 40.766104409554302 ], [ -73.890424031757306, 40.765962060575205 ], [ -73.890720027250026, 40.765886880028404 ], [ -73.890890436940211, 40.765858198612996 ], [ -73.891002434828891, 40.766117244795382 ], [ -73.891036604355236, 40.766196295536353 ], [ -73.891070787856663, 40.766275338573223 ], [ -73.891090277791363, 40.766336635603295 ], [ -73.891835235864036, 40.766280417982379 ], [ -73.892072884980294, 40.766280091363612 ], [ -73.892463538470395, 40.766284598559658 ], [ -73.89278135295163, 40.766299962201188 ], [ -73.892853683953689, 40.766303458241843 ], [ -73.893241946672376, 40.766336588728763 ], [ -73.893859876834412, 40.766421445751142 ], [ -73.894010160660201, 40.766379485867517 ], [ -73.894082535414114, 40.766329656198664 ], [ -73.894323720214643, 40.766146471735432 ], [ -73.894543549090983, 40.766184712579033 ], [ -73.895959585289134, 40.766431034160583 ], [ -73.896102001113405, 40.766454687323346 ], [ -73.900658751301393, 40.767211434032177 ], [ -73.9020251656558, 40.767416783847239 ], [ -73.902266372299735, 40.767456944445151 ], [ -73.902511041529351, 40.767485940869157 ], [ -73.902757800816147, 40.767503546616908 ], [ -73.903005288013816, 40.767509663531023 ], [ -73.903252116106316, 40.767504322942251 ], [ -73.903869915514505, 40.767495310860781 ], [ -73.904136377801805, 40.767520317309796 ], [ -73.90418895266167, 40.767530285436656 ], [ -73.904273367503606, 40.767545104740492 ], [ -73.904465271084518, 40.767583778869373 ], [ -73.904662538861871, 40.767655756717126 ], [ -73.904908663903171, 40.767745560603203 ], [ -73.90531717850827, 40.767898650718323 ], [ -73.905548480377064, 40.767976579891595 ], [ -73.90577353036042, 40.768028588759279 ], [ -73.906113050731946, 40.768067705098936 ], [ -73.907087289894946, 40.768236231533699 ], [ -73.908030790670708, 40.768384734175484 ], [ -73.909008041891738, 40.768547190199506 ], [ -73.909980063322095, 40.768697234758903 ], [ -73.910941748954954, 40.768852473172579 ], [ -73.911940260703304, 40.769010153120803 ], [ -73.912916779891447, 40.769161297906301 ], [ -73.913888502435043, 40.769323930123676 ], [ -73.914873764644881, 40.769470417344998 ], [ -73.91584870585983, 40.769633575496911 ], [ -73.916337255786715, 40.769713036913238 ], [ -73.916827024033964, 40.769791489803687 ], [ -73.917257147954004, 40.769853530365786 ], [ -73.918078752445652, 40.770061995895787 ], [ -73.917702172822615, 40.770393111588362 ], [ -73.918153466479538, 40.77070124254017 ], [ -73.918705278423147, 40.771078882392551 ], [ -73.918803125447013, 40.771149388554711 ], [ -73.919421785372251, 40.771595175730937 ], [ -73.920076087030296, 40.77206690987456 ], [ -73.920763395557771, 40.772552547991268 ], [ -73.921468784391465, 40.773051307188958 ], [ -73.922166974792901, 40.773546878028405 ], [ -73.922792644517315, 40.773962295344361 ], [ -73.923981429381712, 40.774615112688927 ], [ -73.923340414801856, 40.775128912055301 ], [ -73.923277836750941, 40.775177623020703 ], [ -73.923209814358742, 40.775234769255547 ], [ -73.92314549376043, 40.775287014781256 ], [ -73.923025715472249, 40.77538430988934 ], [ -73.923757613303721, 40.776547012019002 ], [ -73.923310415047922, 40.77688329528268 ], [ -73.92264888601315, 40.777422651430484 ], [ -73.921996371641399, 40.777956349495263 ], [ -73.921394866012619, 40.778454444963295 ], [ -73.920786805054661, 40.778952267561166 ], [ -73.920127311355586, 40.779488952866821 ], [ -73.919394115018463, 40.780090356538786 ], [ -73.919064765900046, 40.780359563872615 ], [ -73.918618231420979, 40.780732868933214 ], [ -73.917965814358965, 40.781256291967573 ], [ -73.919759699873168, 40.782514177965204 ], [ -73.919964587929641, 40.78263506903906 ], [ -73.919090346745449, 40.783367646004017 ], [ -73.918473842254926, 40.783754157697906 ], [ -73.918188629391892, 40.783932966113703 ], [ -73.91773807440299, 40.784075951913046 ], [ -73.917245164275215, 40.784142001198411 ], [ -73.91717118646369, 40.784193484874038 ], [ -73.91718200679621, 40.784552063681986 ], [ -73.916832770164234, 40.785191392487384 ], [ -73.915751728945622, 40.786107578578125 ], [ -73.915417187574207, 40.786063929411029 ], [ -73.915343512709015, 40.786116348086843 ], [ -73.915260140021573, 40.78619221714461 ], [ -73.915587102058879, 40.786429631166342 ], [ -73.914239478984442, 40.787856209562925 ], [ -73.912599859776151, 40.789376329634401 ], [ -73.912408110002545, 40.789274303445588 ], [ -73.912667482946034, 40.789003975043819 ], [ -73.912229524263623, 40.789179279966184 ], [ -73.912068535786673, 40.789338654315529 ], [ -73.911951109055735, 40.789401797221032 ], [ -73.912079750244203, 40.789521814989577 ], [ -73.91183777669977, 40.789680884457844 ], [ -73.91169342372018, 40.789572638609854 ], [ -73.911249590391492, 40.789743936302678 ], [ -73.910942975003579, 40.789755043253841 ], [ -73.910904870326121, 40.790040684962356 ], [ -73.910222157840494, 40.790465207782368 ], [ -73.909858629257783, 40.790945493781926 ], [ -73.906779914207732, 40.790375108653201 ], [ -73.906473146101007, 40.790181175208119 ], [ -73.902511737009362, 40.789472084525705 ], [ -73.90239936084069, 40.789551620685934 ], [ -73.902063278867573, 40.789494405997836 ], [ -73.902034285337635, 40.78941468692927 ], [ -73.90169686089969, 40.789320323823993 ], [ -73.900773758917367, 40.78914381825161 ], [ -73.900326297438212, 40.789007662825725 ], [ -73.900107593713528, 40.78885048959711 ], [ -73.899616379417893, 40.788400496236434 ], [ -73.899247484926661, 40.788148659625854 ], [ -73.897831801695787, 40.787182170394111 ], [ -73.897255366510265, 40.786750956943969 ], [ -73.897024103733273, 40.786658156960122 ], [ -73.896939935625639, 40.786624668969736 ], [ -73.896512049136149, 40.786068659026036 ], [ -73.896379052803283, 40.786131081583555 ], [ -73.896400860491283, 40.786157911773593 ], [ -73.896352513223363, 40.786179310203288 ], [ -73.896303660965273, 40.786119201562606 ], [ -73.896350262467521, 40.7860973196128 ], [ -73.896368883443216, 40.786120230201028 ], [ -73.896502548339797, 40.786057467844088 ], [ -73.89637855982231, 40.785908981094487 ], [ -73.896267856204645, 40.785960571946433 ], [ -73.896286526998281, 40.785983718636516 ], [ -73.896218035229182, 40.786016022871323 ], [ -73.896043766681316, 40.785799987480495 ], [ -73.896113818644665, 40.785767342165421 ], [ -73.896133227800362, 40.785791403564893 ], [ -73.896242597932627, 40.785740432991965 ], [ -73.896140150898177, 40.785607167288319 ], [ -73.896005167720233, 40.785666650238625 ], [ -73.896027444723302, 40.785689286425765 ], [ -73.895980013227856, 40.785711675768958 ], [ -73.895929629755258, 40.785648944313827 ], [ -73.895976732209633, 40.785627087759778 ], [ -73.895999753774916, 40.785655752018428 ], [ -73.896126326325913, 40.78559316880888 ], [ -73.895829143770598, 40.78522152738352 ], [ -73.896831738243932, 40.784427663703475 ], [ -73.896777007513776, 40.784388420963673 ], [ -73.896758572526053, 40.784403276011744 ], [ -73.896722692814691, 40.784377549325811 ], [ -73.89673441949779, 40.784368099844421 ], [ -73.896725136461995, 40.784361442109194 ], [ -73.896730054210167, 40.784357478677833 ], [ -73.896720521738288, 40.784350643979423 ], [ -73.896755648139319, 40.784322339375798 ], [ -73.896771827075014, 40.784333941095831 ], [ -73.89678844985491, 40.784320548426692 ], [ -73.896828079455858, 40.784348964551185 ], [ -73.896806600942952, 40.784366270626258 ], [ -73.896859388803904, 40.784404120482733 ], [ -73.89715534459026, 40.784194962856944 ], [ -73.897077077815524, 40.784133831328106 ], [ -73.897067037468787, 40.784140017281374 ], [ -73.89703510112183, 40.784116162791676 ], [ -73.897043892043754, 40.784107116234431 ], [ -73.897030740182288, 40.784099004297445 ], [ -73.897060871376596, 40.784073299318543 ], [ -73.897071520626739, 40.784078550196526 ], [ -73.897083432781429, 40.784078084895505 ], [ -73.897119132653472, 40.784100512735243 ], [ -73.897110970765311, 40.784108129695746 ], [ -73.897192735505428, 40.784168537429771 ], [ -73.897296992204119, 40.784094856906641 ], [ -73.897421989645778, 40.783996314721136 ], [ -73.897331293699196, 40.783928202908662 ], [ -73.897321879043361, 40.783934865381283 ], [ -73.897287429945166, 40.783915298209145 ], [ -73.897299982772921, 40.783906254984942 ], [ -73.897287459348377, 40.783896237700844 ], [ -73.897315707937366, 40.783871959800692 ], [ -73.897342038751361, 40.783871030374627 ], [ -73.897372096641661, 40.783893453613352 ], [ -73.897362050775428, 40.783902975520363 ], [ -73.89745426052167, 40.783970873888379 ], [ -73.897613965943819, 40.783844967784809 ], [ -73.897722265281885, 40.783743464835588 ], [ -73.897640111482332, 40.783682118985595 ], [ -73.897631325094878, 40.783688305432037 ], [ -73.897596245561502, 40.783671119667268 ], [ -73.897613813060914, 40.783661604422299 ], [ -73.897598785262105, 40.783650154950017 ], [ -73.897631422533976, 40.783624928489516 ], [ -73.897658377784893, 40.783625905984735 ], [ -73.897685924557223, 40.783650708788294 ], [ -73.897680268266882, 40.783659757508069 ], [ -73.897753424065115, 40.783714260478838 ], [ -73.897810438745779, 40.783684461545079 ], [ -73.897675180696325, 40.783584272755348 ], [ -73.898761626615041, 40.782748945881956 ], [ -73.898856203978781, 40.782804304603992 ], [ -73.901145775521115, 40.782711106090638 ], [ -73.901723731645248, 40.782129254637901 ], [ -73.901749350553601, 40.782117237604098 ], [ -73.901790931137938, 40.782101919510602 ], [ -73.901852316219347, 40.782080999301016 ], [ -73.901869255884677, 40.782074033780638 ], [ -73.901886114080952, 40.782065817778744 ], [ -73.901919492856138, 40.782045621351692 ], [ -73.90195095786946, 40.782021289094516 ], [ -73.901983451479452, 40.781990483516452 ], [ -73.902052564344174, 40.781918078993655 ], [ -73.902117079579313, 40.781847706125006 ], [ -73.902171328118982, 40.781789696591694 ], [ -73.902178153160023, 40.781780561863492 ], [ -73.902183594596011, 40.781769769804193 ], [ -73.902187819089036, 40.781757138790347 ], [ -73.902304430368119, 40.781519893218501 ], [ -73.902512480417926, 40.781108251360656 ], [ -73.902580493989248, 40.780814898123637 ], [ -73.902677235821074, 40.780594131742419 ], [ -73.902676770810757, 40.780352572046731 ], [ -73.902579296723488, 40.780289120835612 ], [ -73.902343038826771, 40.780187244804587 ], [ -73.902254809228666, 40.780274168316808 ], [ -73.902183037066592, 40.78035936664952 ], [ -73.902149674119144, 40.780780493954317 ], [ -73.902035657901166, 40.781203101962952 ], [ -73.901291276189269, 40.781858419270378 ], [ -73.901217540946917, 40.781819112421999 ], [ -73.900728470224536, 40.781979495284048 ], [ -73.900345726680158, 40.78206605451129 ], [ -73.900349607803392, 40.782164410027427 ], [ -73.899479477526953, 40.782169885937329 ], [ -73.898654378440384, 40.781995420320818 ], [ -73.89718604766, 40.782807209963579 ], [ -73.897113842506229, 40.782723074238653 ], [ -73.897053990450033, 40.782756353987885 ], [ -73.897049592525576, 40.782765534360713 ], [ -73.897043230626608, 40.782774023743798 ], [ -73.89703508510803, 40.782781581468768 ], [ -73.897025386889396, 40.782787993279072 ], [ -73.897014410908511, 40.782793077404037 ], [ -73.897002468327202, 40.782796689711972 ], [ -73.896989897709958, 40.782798727796241 ], [ -73.896977055425793, 40.782799133878413 ], [ -73.896936809195765, 40.782821513126365 ], [ -73.896934315655713, 40.782828976454887 ], [ -73.896930172555756, 40.782836003263292 ], [ -73.896924503063232, 40.782842384655659 ], [ -73.896917475722844, 40.782847930923218 ], [ -73.89690929944615, 40.782852477184079 ], [ -73.896900217300967, 40.782855888284956 ], [ -73.896890499285263, 40.782858062819123 ], [ -73.896880434300584, 40.782858936141054 ], [ -73.896870321563412, 40.782858482288191 ], [ -73.896819408232204, 40.782886793069395 ], [ -73.896814235878253, 40.782895037430087 ], [ -73.896807354750123, 40.782902525368293 ], [ -73.896798951190661, 40.782909054108018 ], [ -73.89678925277083, 40.7829144468487 ], [ -73.896778522127065, 40.782918557552954 ], [ -73.896767049849004, 40.782921274901383 ], [ -73.896755146610175, 40.782922525307193 ], [ -73.896712079832724, 40.782946471829952 ], [ -73.896705105579699, 40.78295592059952 ], [ -73.896696115828519, 40.782964328280492 ], [ -73.896685373336354, 40.782971449128084 ], [ -73.896673192090859, 40.782977075009818 ], [ -73.896659928132763, 40.782981041488902 ], [ -73.896645969149233, 40.782983232630578 ], [ -73.896594678428244, 40.783011751710298 ], [ -73.896592955589796, 40.783018036338646 ], [ -73.89658991331801, 40.783024024990155 ], [ -73.89658563233219, 40.783029558769854 ], [ -73.896580226218148, 40.783034490851648 ], [ -73.896573838414454, 40.783038690374063 ], [ -73.89656663840664, 40.783042045912417 ], [ -73.896558817230343, 40.783044468435179 ], [ -73.89655058240254, 40.783045893666262 ], [ -73.896542152415563, 40.783046283790412 ], [ -73.896533750939867, 40.783045628456563 ], [ -73.896484310394868, 40.78307311987205 ], [ -73.89648030614353, 40.783080778193927 ], [ -73.896474745343895, 40.783087852637138 ], [ -73.896467770529725, 40.783094161869784 ], [ -73.896459560478831, 40.783099544173808 ], [ -73.896450325630795, 40.783103861590156 ], [ -73.896440302692852, 40.783107003454923 ], [ -73.896429748572729, 40.783108889235827 ], [ -73.896418933793456, 40.783109470596571 ], [ -73.896363790116496, 40.783140132947977 ], [ -73.896361755321266, 40.783146232944063 ], [ -73.896358371497442, 40.78315197633291 ], [ -73.896353739354396, 40.783157192179267 ], [ -73.896347996754102, 40.783161725248611 ], [ -73.896341314608222, 40.783165440627265 ], [ -73.8963338917914, 40.78316822773774 ], [ -73.896325949222245, 40.783170003629706 ], [ -73.896317723288419, 40.783170715448875 ], [ -73.896309458811103, 40.783170342010024 ], [ -73.896255426788343, 40.783200387308412 ], [ -73.896247544076587, 40.783210988531998 ], [ -73.89623741636106, 40.783220423821113 ], [ -73.896225335368712, 40.783228421393176 ], [ -73.896211649090802, 40.783234750878883 ], [ -73.896196751759135, 40.783239229957857 ], [ -73.896181072490052, 40.783241729610566 ], [ -73.896002977282066, 40.783336726805437 ], [ -73.896002974612898, 40.783338435729554 ], [ -73.896001847696184, 40.78334099600832 ], [ -73.896000721229157, 40.783342703918265 ], [ -73.895999592767694, 40.783345265368304 ], [ -73.895998467845146, 40.783346972106948 ], [ -73.895997340716733, 40.783348680016289 ], [ -73.895995089120092, 40.783351239279995 ], [ -73.895993963535091, 40.78335294668809 ], [ -73.895992836407515, 40.78335465392729 ], [ -73.895990586362359, 40.783356360823092 ], [ -73.895988335437337, 40.783358066545397 ], [ -73.895987210511663, 40.783359774959187 ], [ -73.895984960247631, 40.783361480682018 ], [ -73.895982710202048, 40.783363187577692 ], [ -73.895980458615398, 40.783364893299243 ], [ -73.895979333691244, 40.783366600540276 ], [ -73.895977083424953, 40.783368307435623 ], [ -73.895973709595452, 40.783369157429505 ], [ -73.895971460212337, 40.783370863152847 ], [ -73.895969210606893, 40.783372570048648 ], [ -73.895966961233995, 40.783373422732659 ], [ -73.895964713186032, 40.783374273742531 ], [ -73.895962462919101, 40.783375980637601 ], [ -73.89595909107102, 40.783376831637995 ], [ -73.89595684169943, 40.78337768331663 ], [ -73.895953469188967, 40.783378534986369 ], [ -73.895951221138048, 40.783379387671239 ], [ -73.895947847086475, 40.783380238166743 ], [ -73.895945599035414, 40.783381090851513 ], [ -73.895942227860402, 40.783381087807577 ], [ -73.895939979811857, 40.78338193881698 ], [ -73.895936608416406, 40.783381935772674 ], [ -73.895934359042769, 40.783382788456045 ], [ -73.895930988528846, 40.783382785412371 ], [ -73.895927616019364, 40.783383636076188 ], [ -73.895925368422326, 40.783383634046444 ], [ -73.895921997247186, 40.783383631001911 ], [ -73.895919749870544, 40.783383628972231 ], [ -73.895743174465522, 40.783481696872045 ], [ -73.895742047330117, 40.783483403606155 ], [ -73.895740919516726, 40.783485965556757 ], [ -73.895739792381193, 40.78348767229086 ], [ -73.895738666111995, 40.7834902332377 ], [ -73.895736415835344, 40.783491940128322 ], [ -73.895735289581182, 40.783493646863164 ], [ -73.895734161106162, 40.783496208813098 ], [ -73.895731911711565, 40.783497915201842 ], [ -73.895729662096727, 40.783499621422834 ], [ -73.895728534960682, 40.783501328156817 ], [ -73.895726284243409, 40.78350303454426 ], [ -73.895724034848641, 40.783504740765345 ], [ -73.895721783909934, 40.78350644765505 ], [ -73.895719534515734, 40.783508153373475 ], [ -73.895717285120625, 40.78350985959441 ], [ -73.895715036180661, 40.783510712273873 ], [ -73.895712786123894, 40.783512418661644 ], [ -73.89571053606808, 40.78351412437928 ], [ -73.895708286468519, 40.783514975885318 ], [ -73.895704913947924, 40.783515827547774 ], [ -73.895702664551138, 40.783517534438495 ], [ -73.895700414952159, 40.783518385441852 ], [ -73.895697043753657, 40.783519237105232 ], [ -73.895694794373114, 40.783520089281332 ], [ -73.895691421852092, 40.783520940943376 ], [ -73.895689172252844, 40.78352179194647 ], [ -73.895685799731652, 40.78352264360835 ], [ -73.895683551674281, 40.783523495115318 ], [ -73.895680181153239, 40.783523492064312 ], [ -73.895676807750263, 40.783524343725134 ], [ -73.8956745597077, 40.783524341690089 ], [ -73.89567118851015, 40.783525192347575 ], [ -73.895667816666645, 40.78352518929502 ], [ -73.895665569946431, 40.783525187260977 ], [ -73.895662197882544, 40.783525184208059 ], [ -73.895484493897925, 40.783625813156583 ], [ -73.895483366295238, 40.783628373429551 ], [ -73.895481115327684, 40.783630934526464 ], [ -73.895479988403423, 40.78363264125818 ], [ -73.895478860579004, 40.783635202201026 ], [ -73.895476611173436, 40.783636908417215 ], [ -73.895475433597781, 40.78363943195675 ], [ -73.895473232398388, 40.783641176747437 ], [ -73.895470980990254, 40.783643737173676 ], [ -73.895469855166738, 40.783645444408847 ], [ -73.895467603097941, 40.783648004331823 ], [ -73.895465353690597, 40.783649711217919 ], [ -73.895463104284971, 40.783651416931285 ], [ -73.89546085333464, 40.783653123815888 ], [ -73.895457479464511, 40.783654828509114 ], [ -73.895455229176136, 40.783656534724109 ], [ -73.895452978447665, 40.783658240436068 ], [ -73.895450729040391, 40.783659946819284 ], [ -73.895447356288756, 40.783660798473953 ], [ -73.895445105559133, 40.783662504688358 ], [ -73.895441732347479, 40.783664210554406 ], [ -73.895439484282207, 40.783665062056585 ], [ -73.895436111751351, 40.783665913208559 ], [ -73.895432737879162, 40.783667618403634 ], [ -73.895429365348093, 40.783668469555423 ], [ -73.895427115738684, 40.783669321726066 ], [ -73.895423743206663, 40.783670173380237 ], [ -73.895420371338389, 40.783671023359688 ], [ -73.895416998806198, 40.783671875013674 ], [ -73.895413627616477, 40.783671871954283 ], [ -73.895410255085991, 40.783672722435398 ], [ -73.89540688321479, 40.783673574089711 ], [ -73.895404635607974, 40.7836735720498 ], [ -73.895401264418183, 40.783673568990025 ], [ -73.895397891225215, 40.783674420140301 ], [ -73.895394520035367, 40.783674417080334 ], [ -73.894970507784691, 40.783909775155941 ], [ -73.894969382825423, 40.783911482386976 ], [ -73.894968254315444, 40.783914043324089 ], [ -73.894967127126961, 40.783916604764983 ], [ -73.8949659994976, 40.783919166205465 ], [ -73.894964872333816, 40.783920873601971 ], [ -73.894963745145091, 40.783923435042823 ], [ -73.894961495055398, 40.783925141248297 ], [ -73.894960366544879, 40.783927702185338 ], [ -73.894958116233497, 40.783929409060647 ], [ -73.894956989951197, 40.783931116290361 ], [ -73.89495473917539, 40.783933676204398 ], [ -73.894952488864732, 40.783935382409503 ], [ -73.894950238774058, 40.78393708878226 ], [ -73.894947989344757, 40.783938794988075 ], [ -73.894945739032678, 40.783940501863142 ], [ -73.894943488281555, 40.78394220756509 ], [ -73.894941238851885, 40.783943913770763 ], [ -73.894938987879073, 40.783945620142518 ], [ -73.894936738449971, 40.783947325845531 ], [ -73.894933364550738, 40.783949031025912 ], [ -73.894931114924702, 40.783949883689402 ], [ -73.894928865493412, 40.783951590564946 ], [ -73.894925492060992, 40.783952441031033 ], [ -73.894923241307865, 40.783954147402689 ], [ -73.894919869418032, 40.783954997870019 ], [ -73.894916496865051, 40.783955849509333 ], [ -73.894914248782143, 40.783956701671336 ], [ -73.894910876890222, 40.783957553311076 ], [ -73.894907503678454, 40.783958403274269 ], [ -73.894905254051764, 40.783959255937276 ], [ -73.89490188284752, 40.783959252862893 ], [ -73.894898510957134, 40.783960103329619 ], [ -73.894895138403626, 40.783960954968286 ], [ -73.894891767199297, 40.783960951893626 ], [ -73.894889520464403, 40.783960949844463 ], [ -73.894886149039664, 40.783960946769433 ], [ -73.894882777369148, 40.783961797403407 ], [ -73.894879405283177, 40.783961794327588 ], [ -73.894714075747075, 40.784052182324992 ], [ -73.894712947223297, 40.784054744264701 ], [ -73.894711820904988, 40.784057305201266 ], [ -73.894710693731568, 40.784059013097817 ], [ -73.894709565869519, 40.784061574535542 ], [ -73.89470843734621, 40.784064135972628 ], [ -73.894706187905356, 40.784065842843788 ], [ -73.894705060706073, 40.784068403109387 ], [ -73.894703933533066, 40.784070110503301 ], [ -73.894701682080864, 40.78407267091432 ], [ -73.894699432640607, 40.784074377115232 ], [ -73.894698305466562, 40.784076085011669 ], [ -73.894696055145303, 40.784077790709155 ], [ -73.894693803032126, 40.784080350616826 ], [ -73.894691553589539, 40.784082057990283 ], [ -73.894689302606707, 40.784083763687015 ], [ -73.894687053165768, 40.7840854698877 ], [ -73.894684803724431, 40.784087176255852 ], [ -73.894682554753587, 40.784088027742392 ], [ -73.894679181500862, 40.784089733586008 ], [ -73.894676930737845, 40.784091439282705 ], [ -73.894674680442535, 40.784092291940588 ], [ -73.894671307851624, 40.784093997114461 ], [ -73.894669059100522, 40.784094848768483 ], [ -73.894665685186936, 40.784096553940977 ], [ -73.894663436214486, 40.784097406097267 ], [ -73.894660064534477, 40.784098256557179 ], [ -73.894656690428135, 40.784099108187441 ], [ -73.894654442337071, 40.784099960344356 ], [ -73.89465106977336, 40.784100811975904 ], [ -73.894647697873395, 40.784101661932667 ], [ -73.894644325780362, 40.784101658849956 ], [ -73.894640954098037, 40.784102510482001 ], [ -73.894638705815566, 40.78410250842655 ], [ -73.894635333252324, 40.784103359555033 ], [ -73.894631963363182, 40.784103356473977 ], [ -73.894628591490459, 40.784103353391011 ], [ -73.894625220278925, 40.784103350308555 ], [ -73.894621849067391, 40.784103347226001 ], [ -73.89461960232768, 40.784103345171566 ], [ -73.894616229573373, 40.784103342087434 ], [ -73.89461285968423, 40.784103339005831 ], [ -73.894609488502383, 40.784102481711045 ], [ -73.894606117952094, 40.784102478628633 ], [ -73.894602748093575, 40.784101620832288 ], [ -73.894600502704293, 40.78410076573951 ], [ -73.894597132154075, 40.784100762656834 ], [ -73.894593761414171, 40.784099904859431 ], [ -73.89459039243674, 40.784099047566094 ], [ -73.894588144846367, 40.784098190795838 ], [ -73.894584777000034, 40.784096479961576 ], [ -73.894582531611945, 40.784095624365882 ], [ -73.894579160872482, 40.784094766568039 ], [ -73.8945769155157, 40.784093056090271 ], [ -73.894573546317361, 40.78409219946635 ], [ -73.894571302282145, 40.784090489659782 ], [ -73.894567932424678, 40.784089631862415 ], [ -73.89456568684875, 40.784087920881646 ], [ -73.894563442814672, 40.784086210572347 ], [ -73.894561197899364, 40.784084500094686 ], [ -73.89455895254234, 40.784082790286647 ], [ -73.894556708508603, 40.78408107997722 ], [ -73.894554464475249, 40.784079369500219 ], [ -73.894552218898951, 40.784077659189293 ], [ -73.894442004028775, 40.78413478596385 ], [ -73.894444247589561, 40.784137349984391 ], [ -73.894445367997804, 40.784139914651405 ], [ -73.89444648755898, 40.784141623430493 ], [ -73.894447607970037, 40.784144186422253 ], [ -73.894448727498784, 40.784146749915756 ], [ -73.894449846586014, 40.784149313911414 ], [ -73.894450967689195, 40.784151023361979 ], [ -73.894452088099783, 40.78415358685627 ], [ -73.894453206306466, 40.784156150348515 ], [ -73.894453202245245, 40.784158712310337 ], [ -73.894454322656046, 40.784161275804586 ], [ -73.894454318594086, 40.784163838268981 ], [ -73.894454314532112, 40.784166400733397 ], [ -73.89445543406228, 40.784168963724248 ], [ -73.894455430000363, 40.784171526188643 ], [ -73.894455425937636, 40.784174089155606 ], [ -73.894454298285027, 40.784176650088412 ], [ -73.894454294223053, 40.784179212552814 ], [ -73.894454290161875, 40.784181774514636 ], [ -73.894453161624838, 40.784184337121864 ], [ -73.894453158917727, 40.784186044873039 ], [ -73.894452032587211, 40.784188605806996 ], [ -73.894450904051823, 40.784191167241516 ], [ -73.894450899988939, 40.784193730208493 ], [ -73.894449772115422, 40.784196291141029 ], [ -73.894448644901416, 40.784198853079303 ], [ -73.894446394127755, 40.784200559441565 ], [ -73.894446267162166, 40.784200847468931 ], [ -73.894445265591955, 40.784203120876036 ], [ -73.894444137056865, 40.784205681807904 ], [ -73.894443012079108, 40.784207389033739 ], [ -73.894440760389955, 40.78420995061208 ], [ -73.894438510277965, 40.784211656304684 ], [ -73.894437381742478, 40.784214217236496 ], [ -73.894435132291463, 40.78421592292964 ], [ -73.894432881957925, 40.784217629124541 ], [ -73.894430629827255, 40.784220190702271 ], [ -73.894428380375857, 40.784221896395273 ], [ -73.894426129381557, 40.784223602086847 ], [ -73.894423879928084, 40.78422530895245 ], [ -73.894421630476344, 40.784227014645325 ], [ -73.89441937948088, 40.78422872083933 ], [ -73.894416006907662, 40.784229572463957 ], [ -73.894413756572902, 40.784231278825992 ], [ -73.894410383527486, 40.784232983991792 ], [ -73.89440813388596, 40.784233836142477 ], [ -73.894404759959457, 40.784235540804737 ], [ -73.894402511859766, 40.784236393459267 ], [ -73.894399139949769, 40.784237243408775 ], [ -73.894395765359818, 40.784238949242834 ], [ -73.894393515717113, 40.784239801895801 ], [ -73.894390143145642, 40.784240651844414 ], [ -73.894386771232618, 40.784241503468792 ], [ -73.894383400014092, 40.784241500379252 ], [ -73.894380027439738, 40.784242352002835 ], [ -73.894377779341369, 40.78424320348423 ], [ -73.894374407902362, 40.784243200394222 ], [ -73.894371036209407, 40.784244052018352 ], [ -73.894367664109168, 40.784244048927548 ], [ -73.894364292229326, 40.784244045836857 ], [ -73.894360921010687, 40.78424404274665 ], [ -73.894357549792048, 40.784244039656357 ], [ -73.894354179234597, 40.784244036566591 ], [ -73.894350808015943, 40.784244033476099 ], [ -73.894347436797304, 40.784244030385516 ], [ -73.894344066934949, 40.784243172581625 ], [ -73.89434069637754, 40.78424316949144 ], [ -73.894338450986851, 40.784242314393595 ], [ -73.894335079581921, 40.784241456588006 ], [ -73.894331707702207, 40.784241453496357 ], [ -73.894328338501381, 40.784240595692609 ], [ -73.894324969298793, 40.784239739061462 ], [ -73.894322723249871, 40.784238882287426 ], [ -73.894319355405102, 40.784237170272796 ], [ -73.894315984659201, 40.784236314142525 ], [ -73.894313738609725, 40.784235457870906 ], [ -73.894310370103099, 40.784233746525494 ], [ -73.894308123833383, 40.784232890253556 ], [ -73.894304756207831, 40.784231179411378 ], [ -73.894302510633892, 40.784229468425508 ], [ -73.894299140772858, 40.78422861062031 ], [ -73.894296896740073, 40.784226900808434 ], [ -73.894294651826627, 40.784225190493132 ], [ -73.894292407134742, 40.784223479507894 ], [ -73.894290162220713, 40.784221769695066 ], [ -73.894287916866006, 40.784220059881797 ], [ -73.894285674192716, 40.784217494183807 ], [ -73.894283429279056, 40.784215784370865 ], [ -73.894281184586731, 40.784214074055484 ], [ -73.894280064180109, 40.784211511564735 ], [ -73.894277820149185, 40.784209801249887 ], [ -73.89427670106862, 40.784207236582496 ], [ -73.894274455714751, 40.784205526768964 ], [ -73.894273335309322, 40.784202963775542 ], [ -73.894272342279208, 40.784200688037473 ], [ -73.894272217770776, 40.784200399779607 ], [ -73.894269973740705, 40.784198689297092 ], [ -73.894268853337181, 40.7841961252985 ], [ -73.894267732932121, 40.784193562305035 ], [ -73.894267737001272, 40.784190999840646 ], [ -73.894266617919541, 40.784188436345815 ], [ -73.894265496160088, 40.784186726390281 ], [ -73.894265500227448, 40.784184165098573 ], [ -73.894264381368188, 40.784181600431218 ], [ -73.894264385436671, 40.784179038469418 ], [ -73.894264389505949, 40.784176476005015 ], [ -73.894263268440227, 40.784173913010889 ], [ -73.894263272509534, 40.784171350546522 ], [ -73.89426327657965, 40.784168787579539 ], [ -73.89426440578228, 40.784166226650022 ], [ -73.894264409851559, 40.784163664185627 ], [ -73.894264413920027, 40.784161102223798 ], [ -73.894265540920074, 40.784158540287116 ], [ -73.894265544988514, 40.784155978325295 ], [ -73.894266672175007, 40.784154270433106 ], [ -73.89426779939447, 40.784151708999168 ], [ -73.894268927935414, 40.784149148068998 ], [ -73.894270056477083, 40.784146586636254 ], [ -73.894271182815487, 40.78414402469889 ], [ -73.894272309999764, 40.784142317979324 ], [ -73.894273437879193, 40.7841397570485 ], [ -73.894274566201986, 40.784137194442806 ], [ -73.894276815874861, 40.784135488752987 ], [ -73.894277942211204, 40.7841329278207 ], [ -73.894280192986642, 40.784131221629231 ], [ -73.894282444016241, 40.784128661226056 ], [ -73.894283571201839, 40.784126953333697 ], [ -73.894285821314938, 40.784125247644091 ], [ -73.894288073668363, 40.784122686069352 ], [ -73.894290323120003, 40.784120980379043 ], [ -73.89429257257153, 40.784119274688699 ], [ -73.894294823567591, 40.784117567827039 ], [ -73.894298196609327, 40.784115863167159 ], [ -73.894300448265255, 40.784114156976109 ], [ -73.894302697242921, 40.78411330482691 ], [ -73.894306070504641, 40.784111600167002 ], [ -73.894308319957304, 40.784109893303665 ], [ -73.894311692525861, 40.784109041682164 ], [ -73.894313943298826, 40.784107335992623 ], [ -73.89431731520412, 40.78410648554302 ], [ -73.894319564181302, 40.784105633393501 ], [ -73.89432293810421, 40.784103928231126 ], [ -73.894326310011067, 40.784103076608595 ], [ -73.89432968257826, 40.784102225489157 ], [ -73.894331930640291, 40.784102227550434 ], [ -73.894335304089751, 40.784101375929062 ], [ -73.89433867599368, 40.784100525981415 ], [ -73.894342047205058, 40.784100529072262 ], [ -73.894345419111517, 40.78409967744917 ], [ -73.89434879098404, 40.784099680540429 ], [ -73.894352162889561, 40.784098829419712 ], [ -73.894355533439665, 40.784098832509549 ], [ -73.89435890531216, 40.784098835600517 ], [ -73.89436227586225, 40.784098838690156 ], [ -73.894365648395933, 40.784098841781521 ], [ -73.894367895355856, 40.784098843841093 ], [ -73.894371265212015, 40.78409970114172 ], [ -73.894374636423365, 40.784099704231622 ], [ -73.894378005617639, 40.784100562034027 ], [ -73.894381376829017, 40.784100565123723 ], [ -73.894384746687294, 40.784101421251293 ], [ -73.894388116542999, 40.784102279054011 ], [ -73.894391487060773, 40.784103136354673 ], [ -73.894393733326396, 40.784103993127566 ], [ -73.894397102302605, 40.784104849756531 ], [ -73.894400472379047, 40.784105707559107 ], [ -73.894402717764066, 40.784106563828431 ], [ -73.894406085605439, 40.784108275170581 ], [ -73.894409456125615, 40.784109131298024 ], [ -73.894411701698246, 40.784110842281819 ], [ -73.894413945730051, 40.784112552091493 ], [ -73.894417315586693, 40.784113409893365 ], [ -73.894419561159665, 40.784115120877011 ], [ -73.894421805852232, 40.784116831189714 ], [ -73.894425173695396, 40.784118542028708 ], [ -73.894427417726746, 40.784120252508238 ], [ -73.894429663301267, 40.78412196282158 ], [ -73.894431907333924, 40.784123672630912 ], [ -73.89454100171902, 40.784065691801331 ], [ -73.894539879954579, 40.784063981848433 ], [ -73.894537635952574, 40.784061417326768 ], [ -73.894536516392265, 40.784059707375874 ], [ -73.894535395980014, 40.784057143882379 ], [ -73.894533150404158, 40.784055434073636 ], [ -73.894532032195301, 40.784052871084704 ], [ -73.894530910430234, 40.784051161801813 ], [ -73.894529790020201, 40.784048597135595 ], [ -73.894529794078451, 40.784046035173716 ], [ -73.894528674516749, 40.784044326395417 ], [ -73.894527554105053, 40.784041762901836 ], [ -73.894527558164199, 40.784039200437391 ], [ -73.894526439075022, 40.784036636945011 ], [ -73.894526443134211, 40.784034074480559 ], [ -73.894525321370665, 40.784032364527519 ], [ -73.8945253254291, 40.784029802565648 ], [ -73.894525329488332, 40.78402724010116 ], [ -73.894525333547563, 40.784024677636722 ], [ -73.89452533760678, 40.784022115172249 ], [ -73.894526464782487, 40.784020408450175 ], [ -73.89452646884088, 40.78401784648829 ], [ -73.894526472901916, 40.784015282851151 ], [ -73.894527600109015, 40.784012721414605 ], [ -73.894527604168161, 40.784010158950153 ], [ -73.894528731343598, 40.784008452228036 ], [ -73.894529857668914, 40.784005890790667 ], [ -73.894530986197324, 40.784003329857867 ], [ -73.894532113373359, 40.784001622633163 ], [ -73.894533239699484, 40.783999060525645 ], [ -73.894534368226573, 40.783996500262923 ], [ -73.894535494742286, 40.783994792367466 ], [ -73.894536623271065, 40.783992230932036 ], [ -73.894538872713781, 40.783990524064173 ], [ -73.894539999007023, 40.783988817341147 ], [ -73.894542250683017, 40.783986256933439 ], [ -73.894544500124326, 40.783984550735568 ], [ -73.894545627300772, 40.783982842840622 ], [ -73.894547878755148, 40.783980282935183 ], [ -73.894550129076904, 40.783978577240589 ], [ -73.89455237851881, 40.783976870372435 ], [ -73.894554629501542, 40.78397516467836 ], [ -73.894556878941358, 40.783973458982807 ], [ -73.894559127030206, 40.783972606325186 ], [ -73.894561377793011, 40.783970900128203 ], [ -73.894564752585538, 40.783969194289426 ], [ -73.89456700067413, 40.783968341631663 ], [ -73.894569251656179, 40.78396663593729 ], [ -73.894572623331754, 40.783965784809915 ], [ -73.8945748729912, 40.783964079114213 ], [ -73.894578245548971, 40.783963227484904 ], [ -73.894580494956912, 40.783962376503339 ], [ -73.894583866192121, 40.783961524872645 ], [ -73.894587240291642, 40.783960673747053 ], [ -73.894589488379651, 40.783959821088878 ], [ -73.894592860934353, 40.783958971134382 ], [ -73.894596233491626, 40.783958119504547 ], [ -73.894599605357001, 40.783958122588452 ], [ -73.894601854324506, 40.783957271103503 ], [ -73.894605224647052, 40.783957274185845 ], [ -73.89460859742448, 40.783956422555832 ], [ -73.894611967746982, 40.783956425637996 ], [ -73.894615339832669, 40.783956428721645 ], [ -73.894617586567392, 40.783956430776136 ], [ -73.894620958432682, 40.783956433859423 ], [ -73.894784037985531, 40.783867752196521 ], [ -73.894784042034004, 40.783865190234557 ], [ -73.894785166997238, 40.783863483005312 ], [ -73.894786295516056, 40.783860920394709 ], [ -73.894787423151342, 40.783858358955982 ], [ -73.894788550317557, 40.783856652231279 ], [ -73.894789677511099, 40.7838540912947 ], [ -73.894791926941608, 40.783852385091961 ], [ -73.894793055459985, 40.783849822481287 ], [ -73.894794181964713, 40.783848115755944 ], [ -73.894796433404977, 40.783845555845588 ], [ -73.894798684377818, 40.783843849644128 ], [ -73.894799810690998, 40.783841287533939 ], [ -73.894802061442419, 40.783839581834783 ], [ -73.894804311753703, 40.783837875632599 ], [ -73.894806561845542, 40.783836168760075 ], [ -73.894808812155802, 40.783834463060366 ], [ -73.894811061586211, 40.783832756187167 ], [ -73.894813311014659, 40.783831050486576 ], [ -73.894815561985752, 40.783829344787335 ], [ -73.894817811414782, 40.783827638584086 ], [ -73.894821185284897, 40.783826786948858 ], [ -73.894823435596322, 40.783825080076191 ], [ -73.894826808141218, 40.783824230114845 ], [ -73.894829058232006, 40.783822523241859 ], [ -73.894832429456955, 40.783821671603903 ], [ -73.894834679077277, 40.783820820617549 ], [ -73.894838051624461, 40.78381996898063 ], [ -73.894840299703716, 40.783819116820098 ], [ -73.894843671587694, 40.78381826635507 ], [ -73.894847044795824, 40.783817414718477 ], [ -73.894850418884658, 40.783816563585162 ], [ -73.894852666964454, 40.7838157109218 ], [ -73.894856037500247, 40.783815713997008 ], [ -73.894859410044234, 40.78381486403471 ], [ -73.894862781241173, 40.783814867110323 ], [ -73.894866152438112, 40.783814870185822 ], [ -73.894869524323397, 40.783814018547361 ], [ -73.894871772375723, 40.783814020598115 ], [ -73.894875143572619, 40.783814023673351 ], [ -73.894878514108314, 40.783814026747912 ], [ -73.895309272471621, 40.783576113840532 ], [ -73.895310400964604, 40.783573551727258 ], [ -73.895311528134073, 40.783570990282861 ], [ -73.895312655282765, 40.783569283050412 ], [ -73.895313781569712, 40.783566722107778 ], [ -73.895314908719328, 40.783565014205188 ], [ -73.895316037210861, 40.783562452761963 ], [ -73.895317162816525, 40.783560745528057 ], [ -73.895319413104403, 40.7835590398183 ], [ -73.89532054159487, 40.7835564788776 ], [ -73.895321666540184, 40.783554770972962 ], [ -73.89532391727117, 40.783553063588272 ], [ -73.895326166897419, 40.783551357877798 ], [ -73.89532729404543, 40.783549650645192 ], [ -73.895329543452135, 40.783547944264342 ], [ -73.895331794180052, 40.783546238554756 ], [ -73.895334044467845, 40.783544532342162 ], [ -73.895336293875005, 40.783542825458611 ], [ -73.895338544822977, 40.783541119749088 ], [ -73.895340792886415, 40.783540267578765 ], [ -73.895343042291401, 40.783538561867758 ], [ -73.895346417702129, 40.783536856676669 ], [ -73.8953486664265, 40.783536004506793 ], [ -73.895350915150829, 40.783535152336853 ], [ -73.895354287695241, 40.783533447645517 ], [ -73.895356537302575, 40.783532594471126 ], [ -73.89535878536627, 40.783531741797887 ], [ -73.89536215788948, 40.78353089182081 ], [ -73.895364407275451, 40.783530039148658 ], [ -73.895367779139136, 40.783529187998155 ], [ -73.895371152546318, 40.783528336346386 ], [ -73.895373399266632, 40.783528338386148 ], [ -73.895376771789472, 40.783527488408666 ], [ -73.8953801423107, 40.783527491468554 ], [ -73.895382391696302, 40.783526638796033 ], [ -73.89538576376026, 40.783526641857136 ], [ -73.89538913428143, 40.783526644916748 ], [ -73.895391382343746, 40.783525792745422 ], [ -73.895394753526077, 40.783525795805481 ], [ -73.895571326201633, 40.783430292078201 ], [ -73.895571328880038, 40.783428584326799 ], [ -73.895572457359393, 40.783426022881009 ], [ -73.895573582516434, 40.783424314974063 ], [ -73.895574709655165, 40.783422608241573 ], [ -73.895574712335318, 40.783420899317484 ], [ -73.895575840135137, 40.783419192585569 ], [ -73.895576965070532, 40.783417485348487 ], [ -73.895578091548913, 40.78341577794528 ], [ -73.895580342265987, 40.783414072230798 ], [ -73.895581468082767, 40.783412364994476 ], [ -73.895582595222933, 40.783410657089227 ], [ -73.895583720157219, 40.783408950354641 ], [ -73.895585971096153, 40.783407243467593 ], [ -73.895587098234273, 40.783405536734961 ], [ -73.895589346290734, 40.783404684057217 ], [ -73.895590472547141, 40.78340297732376 ], [ -73.895592722823466, 40.783401271106065 ], [ -73.895594970878932, 40.783400418930768 ], [ -73.895597220936494, 40.783398711540094 ], [ -73.895598346733991, 40.783397859520704 ], [ -73.895600595671638, 40.783397006843508 ], [ -73.895602845066975, 40.783395299954705 ], [ -73.895605094442644, 40.783394448953082 ], [ -73.895607342718904, 40.783393596275154 ], [ -73.895609590772864, 40.783392744769678 ], [ -73.89561184015021, 40.783391892595219 ], [ -73.895614089086692, 40.783391040420369 ], [ -73.895616337142329, 40.783390187742064 ], [ -73.895618586738053, 40.783389336740377 ], [ -73.895621959253347, 40.78338848508043 ], [ -73.895624205968957, 40.783388487115324 ], [ -73.895626455565306, 40.7833876356109 ], [ -73.895628702942062, 40.783387637646285 ], [ -73.895632074795955, 40.783386785985456 ], [ -73.89563432371547, 40.783386788022135 ], [ -73.895636570431009, 40.783386790056781 ], [ -73.8956388198078, 40.78338593788181 ], [ -73.895642188999489, 40.783385940932831 ], [ -73.89564443703739, 40.783385942968494 ], [ -73.895646683973297, 40.78338594500314 ], [ -73.89582887869102, 40.783287882832035 ], [ -73.895830005820869, 40.783286176097008 ], [ -73.895831130746728, 40.783284469359984 ], [ -73.895832259214416, 40.783281907409005 ], [ -73.895833385684739, 40.783280199500688 ], [ -73.895833388356436, 40.783278491749243 ], [ -73.895835638402971, 40.783276784856461 ], [ -73.895836765532479, 40.783275078121363 ], [ -73.895837893998234, 40.783272517175497 ], [ -73.895839019584827, 40.783270810438985 ], [ -73.895840146714932, 40.783269103201285 ], [ -73.895842396982175, 40.783267395806 ], [ -73.895843521909228, 40.783265687896176 ], [ -73.895845771497832, 40.783264836890041 ], [ -73.895846897085946, 40.783263128980785 ], [ -73.895849148011365, 40.783261423261216 ], [ -73.895851397393912, 40.783259717540211 ], [ -73.895853646764451, 40.783258864858453 ], [ -73.895854771911445, 40.783257156948721 ], [ -73.895857021955692, 40.783255450725626 ], [ -73.895859271543785, 40.783254599719214 ], [ -73.895861519591662, 40.783253747036106 ], [ -73.895863768975474, 40.783252040142195 ], [ -73.895866019224556, 40.783251189136259 ], [ -73.895868268815008, 40.783250336454408 ], [ -73.895870517523022, 40.7832494842743 ], [ -73.895873889365006, 40.78324863377906 ], [ -73.895876137411719, 40.783247781598263 ], [ -73.895878386120344, 40.783246928915418 ], [ -73.89588063504668, 40.78324607790799 ], [ -73.895884007551373, 40.783245226240368 ], [ -73.895886255584529, 40.78324522827134 ], [ -73.895888503852149, 40.783244375587913 ], [ -73.89589187635481, 40.783243525092736 ], [ -73.895894124387908, 40.78324352712356 ], [ -73.895897494233594, 40.783243530167688 ], [ -73.895899743823392, 40.783242677485241 ], [ -73.895901990534071, 40.7832426795147 ], [ -73.895905361702091, 40.783242682559816 ], [ -73.895907609735161, 40.78324268459037 ], [ -73.896063777384313, 40.783157201805217 ], [ -73.896054750621644, 40.783154658246886 ], [ -73.896046386299091, 40.78315103527396 ], [ -73.896038906017608, 40.783146428872087 ], [ -73.896032507956647, 40.783140961081408 ], [ -73.896027361623595, 40.783134776763468 ], [ -73.896023603362934, 40.783128039762985 ], [ -73.896021332744041, 40.783120928567335 ], [ -73.896020609923269, 40.783113631577464 ], [ -73.896021454050185, 40.783106342116717 ], [ -73.896017823846137, 40.783106514386262 ], [ -73.896014209341715, 40.783106205530061 ], [ -73.896010720064822, 40.783105424907212 ], [ -73.896007461748681, 40.78310419617241 ], [ -73.896004533127822, 40.783102556559164 ], [ -73.896002022946234, 40.783100555751567 ], [ -73.896000007268242, 40.78309825437875 ], [ -73.895998547173477, 40.783095722177649 ], [ -73.895997686906156, 40.783093035879816 ], [ -73.895997452534289, 40.783090276886306 ], [ -73.895986849467562, 40.783091648072904 ], [ -73.895976094044556, 40.783091643172838 ], [ -73.895965493147898, 40.783090262325921 ], [ -73.895955349251054, 40.783087544931597 ], [ -73.895945951787965, 40.783083568524802 ], [ -73.895937568894539, 40.783078446563621 ], [ -73.895930439758061, 40.783072325192002 ], [ -73.895924767792394, 40.783065379069811 ], [ -73.895920714834091, 40.78305780638938 ], [ -73.895918396524806, 40.783049823220352 ], [ -73.895917879011691, 40.783041657344675 ], [ -73.895919177060165, 40.783033541757412 ], [ -73.895916300689407, 40.783034214158199 ], [ -73.895913315977268, 40.783034506113395 ], [ -73.895910309356537, 40.78303440916843 ], [ -73.895907367894466, 40.783033926130663 ], [ -73.895904576771358, 40.783033070988168 ], [ -73.895902016813992, 40.783031868504573 ], [ -73.895899762154841, 40.783030353501992 ], [ -73.895897878085449, 40.783028569852689 ], [ -73.895896419165581, 40.783026569208367 ], [ -73.895895427643353, 40.783024409504755 ], [ -73.895894932231684, 40.783022153283568 ], [ -73.895894947276886, 40.783019865881577 ], [ -73.895884538149929, 40.783021052976331 ], [ -73.895874013916128, 40.783020922567978 ], [ -73.89586366122478, 40.783019478208438 ], [ -73.895853762052852, 40.783016759237825 ], [ -73.895844586024651, 40.783012839712931 ], [ -73.895836383068144, 40.78300782639014 ], [ -73.895829376607452, 40.783001855817545 ], [ -73.895823757477558, 40.782995090615998 ], [ -73.895819678726525, 40.782987715049522 ], [ -73.895817251446928, 40.782979930006753 ], [ -73.895816541750008, 40.782971947529035 ], [ -73.895817568965228, 40.782963985035281 ], [ -73.895793570756069, 40.7829458710968 ], [ -73.895782128770421, 40.782946528819252 ], [ -73.895770699652701, 40.782945752520035 ], [ -73.895759592365792, 40.78294356318478 ], [ -73.895749107172477, 40.782940019997689 ], [ -73.895739527518344, 40.782935218741592 ], [ -73.895731112369461, 40.782929289208568 ], [ -73.895724089211726, 40.782922391691358 ], [ -73.895718647901248, 40.782914712650047 ], [ -73.895714935531984, 40.782906459671651 ], [ -73.895713052459456, 40.782897855858145 ], [ -73.895713049587854, 40.782889133795656 ], [ -73.895708463601636, 40.782888027527115 ], [ -73.895704143333276, 40.782886417817004 ], [ -73.895700183826577, 40.782884340078169 ], [ -73.895696672188734, 40.782881840019932 ], [ -73.895693685674004, 40.782878972642266 ], [ -73.895691289984185, 40.782875801026137 ], [ -73.895683888888172, 40.782870332831251 ], [ -73.895674662904028, 40.782872352949212 ], [ -73.895665118407919, 40.782873144511463 ], [ -73.895655536385476, 40.782872684214716 ], [ -73.895646198927139, 40.782870985609911 ], [ -73.89563738092339, 40.782868098703212 ], [ -73.895629341972182, 40.782864108483828 ], [ -73.895622318736386, 40.782859132421983 ], [ -73.895616517976535, 40.782853317010627 ], [ -73.895612110463901, 40.782846833452702 ], [ -73.895609225953137, 40.782839872621054 ], [ -73.895607949362329, 40.782832639439114 ], [ -73.895608318273148, 40.782825346848171 ], [ -73.89561032182452, 40.782818209538405 ], [ -73.895605533544952, 40.782817496103455 ], [ -73.89560094568526, 40.782816233278034 ], [ -73.895596666650732, 40.782814450901121 ], [ -73.895592797549568, 40.782812191088034 ], [ -73.895589429803678, 40.782809507235328 ], [ -73.895586642988576, 40.782806462758977 ], [ -73.895584502953085, 40.782803129596154 ], [ -73.895583060263405, 40.782799586505234 ], [ -73.89558243942686, 40.782796716899867 ], [ -73.89558227729276, 40.782793811363042 ], [ -73.895582576216427, 40.782790912103664 ], [ -73.895570810499507, 40.782792376949203 ], [ -73.895558888359531, 40.782792447079686 ], [ -73.895547094226288, 40.782791120821976 ], [ -73.89553570947561, 40.782788429816961 ], [ -73.895525005716522, 40.78278443826467 ], [ -73.895515238311333, 40.782779241392689 ], [ -73.895425368480062, 40.782719970804372 ], [ -73.894774290535366, 40.782253592494293 ], [ -73.895421979716659, 40.781717771016304 ], [ -73.895357505675136, 40.781657657133451 ], [ -73.89535083030222, 40.781663945840023 ], [ -73.895278724665275, 40.781722686959569 ], [ -73.895287961735292, 40.781729238226546 ], [ -73.894624393384035, 40.782269809190765 ], [ -73.89460091774589, 40.782253158981362 ], [ -73.895237398671497, 40.781734654773466 ], [ -73.895212642044385, 40.781717096707581 ], [ -73.895243431070554, 40.781692015317503 ], [ -73.895266122513405, 40.781708110175565 ], [ -73.89531098163927, 40.781671565894044 ], [ -73.895316678333188, 40.781675605751659 ], [ -73.895340921701347, 40.78165585474445 ], [ -73.895348504673805, 40.78164926548439 ], [ -73.895325580100845, 40.781626273910959 ], [ -73.895355900385255, 40.781595651495991 ], [ -73.895344478422942, 40.781585566311293 ], [ -73.895284679113047, 40.781541249254801 ], [ -73.895276480897763, 40.781553072970809 ], [ -73.895265794261775, 40.781563686522254 ], [ -73.89525292085878, 40.781572790317362 ], [ -73.895238224069388, 40.78158012738055 ], [ -73.8952315192508, 40.781590932832771 ], [ -73.895222787326404, 40.781600866481277 ], [ -73.895212220042438, 40.78160971018994 ], [ -73.895200049448661, 40.781617269756865 ], [ -73.895186542802762, 40.78162337917896 ], [ -73.895186210840436, 40.781644994973014 ], [ -73.895180952601962, 40.781666239516952 ], [ -73.895170927413744, 40.78168646907524 ], [ -73.895156439047369, 40.78170507066703 ], [ -73.895137926515218, 40.781721480640449 ], [ -73.895115950768286, 40.781735201752056 ], [ -73.895091177698703, 40.781745818234143 ], [ -73.895064357962355, 40.781753008393153 ], [ -73.895060953990495, 40.781761208571993 ], [ -73.895055825154031, 40.781768872707183 ], [ -73.895049110628449, 40.781775792824938 ], [ -73.89504099261859, 40.781781781140879 ], [ -73.895031691414459, 40.781786675156106 ], [ -73.895021459413428, 40.781790342066564 ], [ -73.895010574271097, 40.781792682366891 ], [ -73.895004260641016, 40.781813014209462 ], [ -73.894993450693832, 40.781832220917849 ], [ -73.894978465124083, 40.781849732687334 ], [ -73.894959748505485, 40.781865029996432 ], [ -73.894937856101777, 40.781877659019734 ], [ -73.894913437393967, 40.781887245091625 ], [ -73.894887216812009, 40.781893503821728 ], [ -73.894884968398173, 40.781902152523493 ], [ -73.894880949700692, 40.781910422328536 ], [ -73.894875261770011, 40.781918105290735 ], [ -73.894868047629956, 40.781925008220192 ], [ -73.894859488681405, 40.781930957541036 ], [ -73.894849800140932, 40.781935803656097 ], [ -73.894839225629212, 40.78193942470854 ], [ -73.894828031044995, 40.781941729646093 ], [ -73.894820056096066, 40.781961824018921 ], [ -73.894808218182689, 40.78198078613125 ], [ -73.89479278344416, 40.781998189672841 ], [ -73.894774098885136, 40.782013643373332 ], [ -73.894752584574363, 40.782026799798857 ], [ -73.894728724200618, 40.782037363163241 ], [ -73.894703054198317, 40.782045095978091 ], [ -73.894701498150084, 40.782053123485717 ], [ -73.894698173379311, 40.782060834057532 ], [ -73.894693176235151, 40.782068004246092 ], [ -73.894686651531174, 40.78207442626384 ], [ -73.894678788348841, 40.782079914004704 ], [ -73.894669814558071, 40.782084308437319 ], [ -73.894659990213668, 40.782087482213718 ], [ -73.894649600019136, 40.782089343359715 ], [ -73.894642979725802, 40.782109098105877 ], [ -73.894632146519498, 40.782127746566474 ], [ -73.89461739962843, 40.782144773639288 ], [ -73.894599146384436, 40.782159709007104 ], [ -73.894577890971789, 40.782172140129028 ], [ -73.894554220501007, 40.782181723635539 ], [ -73.894528788791661, 40.782188194813202 ], [ -73.89452289517854, 40.782199532547359 ], [ -73.894514763988894, 40.78221004027408 ], [ -73.894504591192558, 40.782219464745232 ], [ -73.894492621964673, 40.782227578820375 ], [ -73.894479144776781, 40.782234186941004 ], [ -73.894464484444299, 40.782239129843781 ], [ -73.894459045234115, 40.782256940915062 ], [ -73.894449905155128, 40.782273854198628 ], [ -73.894437302587988, 40.7822894285774 ], [ -73.894421566219492, 40.782303257854075 ], [ -73.894403106470264, 40.782314981345394 ], [ -73.894382404790576, 40.782324293289129 ], [ -73.894360001103593, 40.782330950819016 ], [ -73.894336479723364, 40.782334780298761 ], [ -73.894335636992921, 40.782342605348724 ], [ -73.894333125590791, 40.7823502209624 ], [ -73.894329012850108, 40.782357422956125 ], [ -73.894323409037824, 40.782364018235896 ], [ -73.894316464398472, 40.7823698299743 ], [ -73.894308365125895, 40.78237470235166 ], [ -73.894299328371204, 40.7823785047336 ], [ -73.894289596420663, 40.782381135173658 ], [ -73.894279430199703, 40.782382523146474 ], [ -73.89427308559668, 40.782400852480421 ], [ -73.894262714579142, 40.782418088409919 ], [ -73.894248622093698, 40.78243372412939 ], [ -73.894231222513881, 40.782447299885582 ], [ -73.894211027456038, 40.782458416496226 ], [ -73.894188630735925, 40.782466747087653 ], [ -73.894164690907928, 40.782472046706502 ], [ -73.894139911900709, 40.782474159522238 ], [ -73.894115022318616, 40.782473023409473 ], [ -73.894090754017441, 40.782468671774531 ], [ -73.894067820584439, 40.782461232573304 ], [ -73.894046896355761, 40.782450924548755 ], [ -73.894028596588001, 40.782438050798788 ], [ -73.89401345936696, 40.782422989863953 ], [ -73.894001778038401, 40.782424442992799 ], [ -73.893989941785676, 40.782424523379042 ], [ -73.893978228163306, 40.782423229137763 ], [ -73.893966911850001, 40.782420590618244 ], [ -73.893956258207865, 40.782416669692438 ], [ -73.893946517059447, 40.782411558304204 ], [ -73.893937916829657, 40.782405376313093 ], [ -73.893930659189294, 40.782398268683707 ], [ -73.893907151080498, 40.782400920065633 ], [ -73.893883388168774, 40.782400654473243 ], [ -73.893859992778445, 40.782397478862052 ], [ -73.893837577608593, 40.782391476397805 ], [ -73.893816729687131, 40.782382804278313 ], [ -73.893797994996902, 40.782371689616618 ], [ -73.893781864176944, 40.782358423493015 ], [ -73.893768759673165, 40.782343353331996 ], [ -73.893759024675063, 40.782326873803441 ], [ -73.893752914128058, 40.782309416486598 ], [ -73.893740759495358, 40.782306401801286 ], [ -73.89372943630849, 40.782301888817813 ], [ -73.893719261591201, 40.782296003889641 ], [ -73.893710520212423, 40.782288911781585 ], [ -73.893703456910643, 40.782280811056708 ], [ -73.8936982694417, 40.782271928516998 ], [ -73.893667726981889, 40.782264105737724 ], [ -73.893639367223983, 40.782252466171123 ], [ -73.893614008599826, 40.782237345723047 ], [ -73.893592382930365, 40.782219180753657 ], [ -73.893575114305904, 40.782198495484465 ], [ -73.893562701075723, 40.782175886869574 ], [ -73.893554027168634, 40.782174411737095 ], [ -73.893545775274376, 40.782171901138753 ], [ -73.893538157821922, 40.782168419705044 ], [ -73.893531370907624, 40.782164057058701 ], [ -73.893525589247204, 40.782158925507517 ], [ -73.893520961677979, 40.782153157153324 ], [ -73.893517607327325, 40.782146900491028 ], [ -73.893515612546011, 40.782140316586116 ], [ -73.893489650727943, 40.782135010626348 ], [ -73.893465280358811, 40.782126383071102 ], [ -73.893443230716869, 40.782114692098453 ], [ -73.893424161632112, 40.782100287558499 ], [ -73.893408643740827, 40.782083600504123 ], [ -73.893397141409565, 40.782065130291592 ], [ -73.893389998839254, 40.782045429637385 ], [ -73.893380994698774, 40.782045635182371 ], [ -73.893372065386586, 40.782044730968252 ], [ -73.89336344606528, 40.782042740808429 ], [ -73.893355363733434, 40.782039717115786 ], [ -73.893348031247427, 40.782035739522343 ], [ -73.893341641715551, 40.782030912782105 ], [ -73.893336363412416, 40.782025364012114 ], [ -73.893332335347111, 40.782019239344784 ], [ -73.893329663602373, 40.782012700079378 ], [ -73.893328418540875, 40.78200591843391 ], [ -73.893328632952091, 40.781999073009665 ], [ -73.893309848745375, 40.781999861872002 ], [ -73.893291135058476, 40.781998395521896 ], [ -73.893272957583989, 40.781994710449723 ], [ -73.893255768670699, 40.781988898358954 ], [ -73.893239996066541, 40.781981103884199 ], [ -73.8932260322741, 40.781971520991917 ], [ -73.893214224783037, 40.781960388153379 ], [ -73.893204867422796, 40.781947982410422 ], [ -73.893198193050651, 40.78193461248096 ], [ -73.893194367757175, 40.781920611076636 ], [ -73.893162025614473, 40.781900280830783 ], [ -73.893134149727658, 40.781876433071226 ], [ -73.893108001668239, 40.781869826245554 ], [ -73.89308341028196, 40.781860377067254 ], [ -73.893060906920638, 40.781848289707156 ], [ -73.892307502036459, 40.78246604157377 ], [ -73.892297020944412, 40.782534350488575 ], [ -73.89281494422093, 40.782913214982656 ], [ -73.892749178764149, 40.782965706684784 ], [ -73.892145935837817, 40.782540842691475 ], [ -73.891654591237256, 40.782194781530727 ], [ -73.891716901054863, 40.782142286027323 ], [ -73.891889556218771, 40.782258065805287 ], [ -73.892141627145989, 40.782431726503198 ], [ -73.892241910973681, 40.782410799563714 ], [ -73.893009861801929, 40.781798023562217 ], [ -73.893000689894507, 40.78177971925836 ], [ -73.892989440406623, 40.781776617703173 ], [ -73.892979022793469, 40.781772141766496 ], [ -73.892969725227843, 40.781766415262155 ], [ -73.892961804899571, 40.781759596597176 ], [ -73.892955480900909, 40.781751874390054 ], [ -73.892950928166229, 40.781743462253026 ], [ -73.892923782438942, 40.781738416536633 ], [ -73.892898128623102, 40.781729991959885 ], [ -73.892874688906659, 40.781718425685661 ], [ -73.892854123146819, 40.781704043319657 ], [ -73.892837010294187, 40.781687249743939 ], [ -73.892823832094464, 40.78166851771892 ], [ -73.892814959526902, 40.781648374574416 ], [ -73.89279607123369, 40.78164223468309 ], [ -73.892778753725182, 40.781633834773537 ], [ -73.892763471001132, 40.781623399910515 ], [ -73.892750632541379, 40.781611209682737 ], [ -73.892727075501099, 40.78160525578739 ], [ -73.89270499095143, 40.781596637155396 ], [ -73.892684896981507, 40.781585555974509 ], [ -73.892667264982094, 40.781572272202261 ], [ -73.892652508586977, 40.781557097467328 ], [ -73.892640973969378, 40.781540387759009 ], [ -73.892632931721138, 40.781522535075752 ], [ -73.892618948154464, 40.781518412787712 ], [ -73.892605908342432, 40.7815127799254 ], [ -73.892594092838806, 40.781505757680947 ], [ -73.892583755855938, 40.781497497139227 ], [ -73.892575119795268, 40.78148817602726 ], [ -73.892568370462314, 40.781477994890359 ], [ -73.892543469985455, 40.781472831931346 ], [ -73.892519903709243, 40.781464830729931 ], [ -73.89249822781187, 40.781454180119439 ], [ -73.892478953856809, 40.781441131460767 ], [ -73.892462536719378, 40.781425992710105 ], [ -73.892449363851597, 40.781409121150794 ], [ -73.892439746138066, 40.781390914961236 ], [ -73.892428338346988, 40.781387883501893 ], [ -73.892417683165803, 40.781383549445998 ], [ -73.892408036171091, 40.781378016750878 ], [ -73.892399628756763, 40.781371418124536 ], [ -73.892392662583816, 40.781363911842547 ], [ -73.892387304743295, 40.781355677951531 ], [ -73.892355971522008, 40.781347183427528 ], [ -73.892326903275872, 40.781334886892061 ], [ -73.892300891890983, 40.781319123331713 ], [ -73.892278645975964, 40.781300322182815 ], [ -73.892178324005428, 40.781370751048762 ], [ -73.89216184201905, 40.781358191655741 ], [ -73.892111488546817, 40.781395179209106 ], [ -73.89208480450479, 40.781373650322109 ], [ -73.892246270262348, 40.781254752297919 ], [ -73.892235035125722, 40.781243993527696 ], [ -73.892226408409812, 40.781231923478686 ], [ -73.892220648464672, 40.781218903622857 ], [ -73.892217927786461, 40.781205323876549 ], [ -73.892197742431676, 40.781205094352856 ], [ -73.892177867831862, 40.781202402573328 ], [ -73.892158820394116, 40.781197318479165 ], [ -73.892141095032841, 40.781189974171774 ], [ -73.8921251523102, 40.781180560480173 ], [ -73.892111406469155, 40.78116932200269 ], [ -73.892100214669981, 40.781156550751319 ], [ -73.89209186771015, 40.781142578564406 ], [ -73.892086582468636, 40.781127768484168 ], [ -73.892084496270812, 40.781112505323797 ], [ -73.892077593103693, 40.781113428258678 ], [ -73.892070583972554, 40.781113430170151 ], [ -73.892063679936001, 40.7811125110007 ], [ -73.892057088888052, 40.781110698428257 ], [ -73.892051009298029, 40.781108047032944 ], [ -73.892045624234115, 40.781104636653417 ], [ -73.892041095850956, 40.781100569982875 ], [ -73.892037560506765, 40.78109596947661 ], [ -73.892035124657411, 40.781090973664782 ], [ -73.892033861650745, 40.781085732980912 ], [ -73.892033809518026, 40.781080405232039 ], [ -73.892034969828799, 40.781075150846895 ], [ -73.892014735400451, 40.781074779476597 ], [ -73.891994851195136, 40.781071906085081 ], [ -73.891975849028626, 40.78106660752303 ], [ -73.891958237125749, 40.781059025503858 ], [ -73.891942486527398, 40.781049362813484 ], [ -73.891929018492249, 40.781037877886511 ], [ -73.891918193229785, 40.781024877894325 ], [ -73.891910300266503, 40.781010710529394 ], [ -73.891905550702333, 40.780995754706112 ], [ -73.89190407156488, 40.780980410426281 ], [ -73.891904063976654, 40.780966955876046 ], [ -73.891906830629935, 40.780953666700597 ], [ -73.891912303139407, 40.780940871369964 ], [ -73.891920346239033, 40.780928886147507 ], [ -73.891868794551996, 40.780892684116445 ], [ -73.89184879376019, 40.780901419760959 ], [ -73.891827131613056, 40.780907446137988 ], [ -73.891804437635884, 40.780910588114494 ], [ -73.891781371340485, 40.780910754381132 ], [ -73.89175860305879, 40.780907940106054 ], [ -73.89173679446202, 40.780902227075167 ], [ -73.891716579331501, 40.780893781315406 ], [ -73.891698545140116, 40.780882848269641 ], [ -73.89168321597964, 40.780869745663978 ], [ -73.891671037329914, 40.780854854273869 ], [ -73.891662363112957, 40.780838606858602 ], [ -73.891657445407688, 40.780821475584595 ], [ -73.891656427124587, 40.780803958303707 ], [ -73.891659337852943, 40.78078656408519 ], [ -73.891666093001149, 40.780769798421574 ], [ -73.891658800779396, 40.780766615095693 ], [ -73.891652341145871, 40.780762522503316 ], [ -73.891646908129346, 40.780757643574255 ], [ -73.891642664921889, 40.780752124857585 ], [ -73.891639738977034, 40.780746132119774 ], [ -73.891638218181384, 40.780739845365488 ], [ -73.891638148214852, 40.780733453430706 ], [ -73.89163953117864, 40.780727148310731 ], [ -73.891642325532118, 40.780721119393085 ], [ -73.891646447340619, 40.780715547768949 ], [ -73.891636973621331, 40.780708596940428 ], [ -73.891619457981449, 40.780696824524007 ], [ -73.891604751440454, 40.78068300820042 ], [ -73.891593260796583, 40.78066753014533 ], [ -73.891585303891915, 40.780650818499488 ], [ -73.891581100820716, 40.780633335525927 ], [ -73.891580767841617, 40.780615564823037 ], [ -73.891584314162102, 40.780597997947794 ], [ -73.891591641684158, 40.780581120818638 ], [ -73.891602547718122, 40.780565400274632 ], [ -73.891616730589533, 40.780551271162089 ], [ -73.891633797983943, 40.7805391243065 ], [ -73.891653277798937, 40.780529295701889 ], [ -73.891674631202889, 40.780522057217048 ], [ -73.89167988935391, 40.78050892035327 ], [ -73.891687414756134, 40.780496437165418 ], [ -73.891698321065135, 40.780483555103181 ], [ -73.891711635919094, 40.780472055587325 ], [ -73.891727060687856, 40.780462196532007 ], [ -73.891728612063574, 40.780444672511351 ], [ -73.891733898126901, 40.780427574666959 ], [ -73.8917427776598, 40.78041135976153 ], [ -73.89175501344647, 40.780396460970017 ], [ -73.89177027861065, 40.780383276307582 ], [ -73.89178816534826, 40.780372157997 ], [ -73.891808195821724, 40.780363403059077 ], [ -73.891829834925133, 40.780357245378077 ], [ -73.891852504579376, 40.780353849453668 ], [ -73.891849724507082, 40.780348739323514 ], [ -73.891848131502584, 40.780343343679213 ], [ -73.891847772228616, 40.780337820572434 ], [ -73.891848657208882, 40.780332331788543 ], [ -73.891850760519858, 40.780327038107416 ], [ -73.891854020550142, 40.780322094593949 ], [ -73.891858341805275, 40.780317646055586 ], [ -73.891863597705012, 40.780313822800885 ], [ -73.891869634291197, 40.780310736822216 ], [ -73.891876274737513, 40.780308478515309 ], [ -73.891883324529232, 40.78030711403148 ], [ -73.891890577160936, 40.780306683339703 ], [ -73.891897820185562, 40.780307199056018 ], [ -73.891904841437494, 40.78030864607382 ], [ -73.891908432156725, 40.780290367055869 ], [ -73.891915897296357, 40.780272778097235 ], [ -73.891927036879466, 40.780256350365711 ], [ -73.891941552499901, 40.780241523922058 ], [ -73.89195905531605, 40.78022869593206 ], [ -73.891979076467123, 40.780218210027343 ], [ -73.892001079632877, 40.780210347100478 ], [ -73.892024475400291, 40.780205317780535 ], [ -73.8920253185006, 40.780197002563952 ], [ -73.892027906325453, 40.78018889799953 ], [ -73.892032171780073, 40.780181214213258 ], [ -73.89203800427407, 40.780174150421544 ], [ -73.892045252588773, 40.780167889766261 ], [ -73.892053728797933, 40.780162594566406 ], [ -73.892063213140005, 40.78015840210977 ], [ -73.892073459715917, 40.780155421093447 ], [ -73.892084202864424, 40.780153728805715 ], [ -73.892090921577619, 40.780133795167991 ], [ -73.892101656968904, 40.780114904957742 ], [ -73.892116145078091, 40.780097522638933 ], [ -73.892134029675645, 40.780082075599722 ], [ -73.892154871021688, 40.780068943644395 ], [ -73.892178156678213, 40.780058449654746 ], [ -73.892203314108627, 40.780050851651573 ], [ -73.892209590727177, 40.780042226707437 ], [ -73.892217433557278, 40.780034377402956 ], [ -73.892226679609692, 40.780027466861327 ], [ -73.892237136733797, 40.780021638696589 ], [ -73.892246518845297, 40.780017733008521 ], [ -73.892256444581022, 40.780014701605843 ], [ -73.892266773554496, 40.780012587363714 ], [ -73.892267596371227, 40.780003072655433 ], [ -73.892269538285973, 40.779993652364894 ], [ -73.892276409976446, 40.779975968901134 ], [ -73.892287200767569, 40.779959455056698 ], [ -73.892301585556524, 40.779944608353119 ], [ -73.89231913096306, 40.779931876084788 ], [ -73.892339308386255, 40.779921641843174 ], [ -73.892361509930012, 40.77991421396024 ], [ -73.892386933456407, 40.779907428463666 ], [ -73.892385947259527, 40.779903191241829 ], [ -73.892385942290161, 40.779898888217119 ], [ -73.892386918698591, 40.779894649685609 ], [ -73.892388846918891, 40.779890603990474 ], [ -73.892393352645399, 40.779884429068716 ], [ -73.892398973809762, 40.779878807454331 ], [ -73.892405594845869, 40.779873854722432 ], [ -73.892413079631297, 40.779869672696492 ], [ -73.892418539066924, 40.779867452146988 ], [ -73.892424355931993, 40.779865839103635 ], [ -73.892430413936751, 40.779864865814098 ], [ -73.892436591970693, 40.779864551736217 ], [ -73.892442766523644, 40.779864903148962 ], [ -73.892445047154766, 40.779842060831754 ], [ -73.892447631405176, 40.779831187962245 ], [ -73.892452394701166, 40.779820749194883 ], [ -73.89245922263521, 40.779810995251758 ], [ -73.892467951210705, 40.779802160406526 ], [ -73.892478370781035, 40.77979445685753 ], [ -73.892490231084977, 40.779788069631103 ], [ -73.892503247257508, 40.779783152137803 ], [ -73.892517106671846, 40.779779822487505 ], [ -73.892534845649024, 40.779770519588524 ], [ -73.892512817244196, 40.779741786849513 ], [ -73.892496192268183, 40.779702112696384 ], [ -73.892497107066021, 40.779674412036769 ], [ -73.892543948031388, 40.779575595747175 ], [ -73.892540181455516, 40.779551834271487 ], [ -73.892477487732904, 40.779514652643677 ], [ -73.892458564263919, 40.779528093523489 ], [ -73.892437013492653, 40.779539011923632 ], [ -73.892413411000931, 40.779547116232905 ], [ -73.89238838716922, 40.779552189999521 ], [ -73.892362610340044, 40.779554097712023 ], [ -73.892336768967496, 40.779552788418734 ], [ -73.892311553229547, 40.779548297088617 ], [ -73.892287636594276, 40.779540743677202 ], [ -73.892226234128017, 40.779531644326937 ], [ -73.892163930921299, 40.779527353468033 ], [ -73.892101376906012, 40.779527915861713 ], [ -73.892039224630338, 40.779533325641175 ], [ -73.891978122451775, 40.77954352637294 ], [ -73.891817918409501, 40.779588573628622 ], [ -73.891668597029238, 40.77949253890732 ], [ -73.891507188485164, 40.779097866668266 ], [ -73.891296585253784, 40.778915764469026 ], [ -73.891195897044014, 40.77856328788711 ], [ -73.892183307463569, 40.777721813487432 ], [ -73.892522598608892, 40.777404628989082 ], [ -73.892502719232937, 40.777364694300026 ], [ -73.892253657034573, 40.777204523028928 ], [ -73.892132290370355, 40.777090936380056 ], [ -73.892040775524194, 40.776962898170737 ], [ -73.891844692822644, 40.776685510408754 ], [ -73.891772297186776, 40.776593521153984 ], [ -73.891652160310343, 40.776562323550358 ], [ -73.891530584238481, 40.776476769285338 ], [ -73.891434151081327, 40.77638052364604 ], [ -73.891416059023129, 40.776338956736879 ], [ -73.891401281785278, 40.776044864880916 ], [ -73.89148016646908, 40.775896842388811 ], [ -73.891529871575401, 40.77560563119804 ], [ -73.891667856477014, 40.775484562097674 ], [ -73.891765777786134, 40.775357187905215 ], [ -73.891808834501774, 40.77521964106699 ], [ -73.891792510284063, 40.775088728095092 ], [ -73.891832448384022, 40.774880199888173 ], [ -73.891725477805679, 40.775052032636644 ], [ -73.89171751335823, 40.775163632892991 ], [ -73.891689351210189, 40.775254738346142 ], [ -73.891527591493855, 40.775478135870657 ], [ -73.891443619413849, 40.775622694710286 ], [ -73.891358014046148, 40.776049408432741 ], [ -73.891367662733401, 40.776342998578563 ], [ -73.891451857785171, 40.776512769774115 ], [ -73.89126414650903, 40.776855855375224 ], [ -73.891104226655202, 40.777023206974754 ], [ -73.891120443394797, 40.777124699736028 ], [ -73.891066814821684, 40.777212925305498 ], [ -73.890948607017435, 40.777283845675861 ], [ -73.890731321142312, 40.777332049867766 ], [ -73.890562505953582, 40.777403920964332 ], [ -73.890498346422135, 40.777462635852018 ], [ -73.890459157766358, 40.777550497756046 ], [ -73.890465373951272, 40.777703219287105 ], [ -73.890351930825304, 40.777800320777445 ], [ -73.890173695746839, 40.777850812778468 ], [ -73.890087294168822, 40.777784193104338 ], [ -73.890023691613237, 40.777247126407005 ], [ -73.889516444471141, 40.775936714446289 ], [ -73.889471512093124, 40.775738056524062 ], [ -73.889471054657875, 40.775535551470476 ], [ -73.889555124803493, 40.775278709612927 ], [ -73.889561496857056, 40.775092238602547 ], [ -73.889581847317899, 40.775035050117033 ], [ -73.889589356678528, 40.77495871019191 ], [ -73.889614487739507, 40.774845687142182 ], [ -73.889789007560651, 40.774236861169861 ], [ -73.889842466244261, 40.774100378557414 ], [ -73.889886716295081, 40.774017349576837 ], [ -73.890067601526539, 40.773962483753415 ], [ -73.890191715866976, 40.773646876728236 ], [ -73.890089217334818, 40.773626435525507 ], [ -73.889976728049248, 40.77372361065126 ], [ -73.889851698935672, 40.773753297363321 ], [ -73.889750351780179, 40.773717395850291 ], [ -73.88960719661047, 40.773620338162083 ], [ -73.889523532369381, 40.773575180005714 ], [ -73.889454868375452, 40.77353295162915 ] ] ] ] } },
{ "type": "Feature", "properties": { "borocode": "4", "boroname": "Queens", "countyfips": "081", "nta2020": "QN0102", "ntaname": "Old Astoria-Hallets Point", "ntaabbrev": "OldAstr", "ntatype": "0", "cdta2020": "QN01", "cdtaname": "QN01 Astoria-Queensbridge (CD 1 Equivalent)", "shape_leng": "15102.2624012", "shape_area": "11091067.0044", "the_geom": { "type": "MultiPolygon", "coordinates": [ [ [ [ -73.92827730832717, 40.77689897532444 ], [ -73.92784637065012, 40.77672664738822 ], [ -73.92737641808692, 40.7764666115751 ], [ -73.92658081949253, 40.77603925893102 ], [ -73.92602208158418, 40.775730399134055 ], [ -73.92531479791208, 40.7753438519787 ], [ -73.92523246197725, 40.77529885466421 ], [ -73.92398142938171, 40.77461511268893 ], [ -73.92448650758345, 40.774049856204684 ], [ -73.92492822435142, 40.773489041697644 ], [ -73.92511019340078, 40.773276200242044 ], [ -73.92590027056453, 40.77226208736708 ], [ -73.92640832641982, 40.77164064213028 ], [ -73.92681478557506, 40.77113284635442 ], [ -73.9270671389996, 40.770819928574795 ], [ -73.92730372600019, 40.77052655840074 ], [ -73.92754753033358, 40.77021758658225 ], [ -73.92780678572228, 40.76988903865843 ], [ -73.92647341264953, 40.769271395746216 ], [ -73.92715011820957, 40.768442065619034 ], [ -73.92782088043222, 40.767616293152365 ], [ -73.92818586858502, 40.7671686562568 ], [ -73.92829080290454, 40.767039953792334 ], [ -73.92855636564407, 40.766714239314474 ], [ -73.92915035144462, 40.76598331630556 ], [ -73.92964715918662, 40.76537472654049 ], [ -73.93036546048927, 40.76449075088256 ], [ -73.93169177583442, 40.7652237445099 ], [ -73.93225210833103, 40.765533929872475 ], [ -73.93362663292436, 40.76629191924261 ], [ -73.93493511053624, 40.76701302413131 ], [ -73.93594942653564, 40.7675782258747 ], [ -73.93618379741581, 40.76769180166262 ], [ -73.93593177037006, 40.76778370276519 ], [ -73.93582070878112, 40.76863091509204 ], [ -73.93577134057357, 40.76905001004548 ], [ -73.93522718215205, 40.76952572962547 ], [ -73.93503989810641, 40.76968230223352 ], [ -73.93486939653253, 40.769850735792424 ], [ -73.93486925404609, 40.769850878443755 ], [ -73.93486912388916, 40.76985103148864 ], [ -73.93471718450054, 40.7700298582151 ], [ -73.93458521683604, 40.770217421986075 ], [ -73.93447449145673, 40.77041159718889 ], [ -73.93424609681148, 40.77102927567458 ], [ -73.9345273010944, 40.77117677510339 ], [ -73.93443525743177, 40.77146236233343 ], [ -73.93482622761698, 40.7715769580733 ], [ -73.93480858897112, 40.77169958689862 ], [ -73.93480681344163, 40.771734138889926 ], [ -73.93515017807533, 40.77183369712224 ], [ -73.93554844669607, 40.77195368682494 ], [ -73.9355679704974, 40.77191877803614 ], [ -73.93560853449772, 40.77193127768452 ], [ -73.9355892281931, 40.771965973676686 ], [ -73.93605335028688, 40.7721058016265 ], [ -73.93746638603186, 40.77253149512557 ], [ -73.93781335969511, 40.77356289464795 ], [ -73.93785811888885, 40.774087568973414 ], [ -73.93765483090813, 40.77508568538369 ], [ -73.93704702153694, 40.77586648704142 ], [ -73.9370301283993, 40.77589320499802 ], [ -73.9363802281754, 40.77692145656267 ], [ -73.936089196991, 40.77718432207707 ], [ -73.93585452641504, 40.77721168462421 ], [ -73.93508232492148, 40.77794423372779 ], [ -73.93474353077397, 40.778076335377406 ], [ -73.93437322789991, 40.7780859221369 ], [ -73.93381132859464, 40.77810045373345 ], [ -73.93289245470426, 40.777942605990454 ], [ -73.93277477867667, 40.777922388777945 ], [ -73.93274122965342, 40.77799395031764 ], [ -73.93272210453966, 40.77803476711798 ], [ -73.93264931173394, 40.778021974232935 ], [ -73.93184646077505, 40.777880825030614 ], [ -73.93178834305155, 40.77787060710488 ], [ -73.93104964298944, 40.777441897312066 ], [ -73.93107377146754, 40.777260594398165 ], [ -73.9308830426314, 40.77697370667985 ], [ -73.93062856554165, 40.776590902749604 ], [ -73.92988058566199, 40.77622163190228 ], [ -73.9290357214348, 40.77646741705894 ], [ -73.9286051502335, 40.776592675101 ], [ -73.92839561141334, 40.776790529567684 ], [ -73.92827730832717, 40.77689897532444 ] ] ] ] }, "ntaname_normalized": "old astoria-hallets point" }, "geometry": { "type": "MultiPolygon", "coordinates": [ [ [ [ -73.928277308327168, 40.776898975324443 ], [ -73.927846370650116, 40.776726647388223 ], [ -73.927376418086922, 40.776466611575103 ], [ -73.926580819492528, 40.776039258931021 ], [ -73.926022081584179, 40.775730399134055 ], [ -73.92531479791208, 40.775343851978697 ], [ -73.925232461977245, 40.775298854664207 ], [ -73.923981429381712, 40.774615112688927 ], [ -73.924486507583453, 40.774049856204684 ], [ -73.924928224351419, 40.773489041697644 ], [ -73.925110193400783, 40.773276200242044 ], [ -73.925900270564526, 40.772262087367082 ], [ -73.926408326419818, 40.771640642130279 ], [ -73.926814785575061, 40.771132846354419 ], [ -73.927067138999604, 40.770819928574795 ], [ -73.92730372600019, 40.770526558400739 ], [ -73.927547530333584, 40.770217586582248 ], [ -73.927806785722282, 40.769889038658427 ], [ -73.926473412649528, 40.769271395746216 ], [ -73.927150118209568, 40.768442065619034 ], [ -73.927820880432222, 40.767616293152365 ], [ -73.928185868585018, 40.7671686562568 ], [ -73.928290802904542, 40.767039953792334 ], [ -73.92855636564407, 40.766714239314474 ], [ -73.929150351444619, 40.765983316305558 ], [ -73.929647159186615, 40.765374726540493 ], [ -73.93036546048927, 40.764490750882558 ], [ -73.931691775834423, 40.765223744509903 ], [ -73.932252108331028, 40.765533929872475 ], [ -73.933626632924359, 40.766291919242612 ], [ -73.934935110536244, 40.767013024131309 ], [ -73.935949426535643, 40.767578225874701 ], [ -73.936183797415808, 40.767691801662622 ], [ -73.935931770370061, 40.767783702765193 ], [ -73.935820708781122, 40.768630915092039 ], [ -73.935771340573567, 40.769050010045483 ], [ -73.935227182152047, 40.769525729625471 ], [ -73.93503989810641, 40.76968230223352 ], [ -73.934869396532534, 40.769850735792424 ], [ -73.934869254046092, 40.769850878443755 ], [ -73.934869123889158, 40.769851031488642 ], [ -73.934717184500542, 40.770029858215104 ], [ -73.934585216836041, 40.770217421986075 ], [ -73.934474491456726, 40.77041159718889 ], [ -73.934246096811478, 40.771029275674579 ], [ -73.934527301094406, 40.771176775103392 ], [ -73.934435257431772, 40.77146236233343 ], [ -73.934826227616981, 40.771576958073297 ], [ -73.934808588971123, 40.77169958689862 ], [ -73.934806813441625, 40.771734138889926 ], [ -73.935150178075332, 40.77183369712224 ], [ -73.935548446696075, 40.771953686824943 ], [ -73.935567970497402, 40.771918778036138 ], [ -73.935608534497717, 40.771931277684523 ], [ -73.935589228193095, 40.771965973676686 ], [ -73.936053350286883, 40.772105801626502 ], [ -73.937466386031858, 40.77253149512557 ], [ -73.937813359695113, 40.773562894647952 ], [ -73.937858118888855, 40.774087568973414 ], [ -73.93765483090813, 40.775085685383686 ], [ -73.937047021536941, 40.775866487041419 ], [ -73.9370301283993, 40.77589320499802 ], [ -73.936380228175395, 40.776921456562668 ], [ -73.936089196991006, 40.777184322077069 ], [ -73.935854526415042, 40.777211684624213 ], [ -73.935082324921481, 40.777944233727787 ], [ -73.934743530773972, 40.778076335377406 ], [ -73.934373227899911, 40.778085922136903 ], [ -73.933811328594643, 40.778100453733451 ], [ -73.932892454704259, 40.777942605990454 ], [ -73.932774778676674, 40.777922388777945 ], [ -73.932741229653416, 40.777993950317637 ], [ -73.932722104539664, 40.77803476711798 ], [ -73.93264931173394, 40.778021974232935 ], [ -73.931846460775049, 40.777880825030614 ], [ -73.931788343051551, 40.77787060710488 ], [ -73.931049642989436, 40.777441897312066 ], [ -73.931073771467538, 40.777260594398165 ], [ -73.930883042631393, 40.776973706679847 ], [ -73.930628565541653, 40.776590902749604 ], [ -73.929880585661991, 40.776221631902281 ], [ -73.929035721434801, 40.776467417058939 ], [ -73.928605150233494, 40.776592675101 ], [ -73.928395611413336, 40.776790529567684 ], [ -73.928277308327168, 40.776898975324443 ] ] ] ] } },
{ "type": "Feature", "properties": { "borocode": "4", "boroname": "Queens", "countyfips": "081", "nta2020": "QN0103", "ntaname": "Astoria (Central)", "ntaabbrev": "Astr_C", "ntatype": "0", "cdta2020": "QN01", "cdtaname": "QN01 Astoria-Queensbridge (CD 1 Equivalent)", "shape_leng": "21571.9909055", "shape_area": "21084822.0502", "the_geom": { "type": "MultiPolygon", "coordinates": [ [ [ [ -73.9119402607033, 40.7690101531208 ], [ -73.91449902422195, 40.76585639951666 ], [ -73.9141323007332, 40.76568360754097 ], [ -73.91370071387944, 40.765480239439626 ], [ -73.91499211551111, 40.76389230453798 ], [ -73.9157911738059, 40.76426777112983 ], [ -73.9178880788819, 40.76169507580894 ], [ -73.91979922325, 40.75934944482225 ], [ -73.9216591710906, 40.75705141998994 ], [ -73.92290475799622, 40.7555061650716 ], [ -73.92415700043728, 40.75396114233176 ], [ -73.92495400083328, 40.75433675216998 ], [ -73.92575429190647, 40.7547108994367 ], [ -73.92655413088238, 40.75508563537904 ], [ -73.92735228415636, 40.75546007636625 ], [ -73.92815372595571, 40.755835855564214 ], [ -73.92895587459019, 40.75621258415927 ], [ -73.92975052153034, 40.75658057764647 ], [ -73.93055267410897, 40.75695894252357 ], [ -73.93135128749974, 40.75733408502368 ], [ -73.93215200275831, 40.757710385327066 ], [ -73.93090035321734, 40.75925288201802 ], [ -73.92965061967554, 40.760797761586886 ], [ -73.93054963917294, 40.76122060130257 ], [ -73.93004851971588, 40.76174504595396 ], [ -73.92943440822906, 40.76238009335083 ], [ -73.93004986442048, 40.76266994631955 ], [ -73.93043814948432, 40.76285257786531 ], [ -73.93133626139114, 40.76327644069571 ], [ -73.93109447832786, 40.76359165734402 ], [ -73.93086652909967, 40.76387422496112 ], [ -73.93036546048927, 40.76449075088256 ], [ -73.92964715918662, 40.76537472654049 ], [ -73.92915035144462, 40.76598331630556 ], [ -73.92855636564407, 40.766714239314474 ], [ -73.92829080290454, 40.767039953792334 ], [ -73.92818586858502, 40.7671686562568 ], [ -73.92782088043222, 40.767616293152365 ], [ -73.92715011820957, 40.768442065619034 ], [ -73.92647341264953, 40.769271395746216 ], [ -73.92780678572228, 40.76988903865843 ], [ -73.92754753033358, 40.77021758658225 ], [ -73.92730372600019, 40.77052655840074 ], [ -73.9270671389996, 40.770819928574795 ], [ -73.92681478557506, 40.77113284635442 ], [ -73.92640832641982, 40.77164064213028 ], [ -73.92590027056453, 40.77226208736708 ], [ -73.92511019340078, 40.773276200242044 ], [ -73.92492822435142, 40.773489041697644 ], [ -73.92448650758345, 40.774049856204684 ], [ -73.92398142938171, 40.77461511268893 ], [ -73.92279264451732, 40.77396229534436 ], [ -73.9221669747929, 40.773546878028405 ], [ -73.92146878439146, 40.77305130718896 ], [ -73.92076339555777, 40.77255254799127 ], [ -73.9200760870303, 40.77206690987456 ], [ -73.91942178537225, 40.77159517573094 ], [ -73.91880312544701, 40.77114938855471 ], [ -73.91870527842315, 40.77107888239255 ], [ -73.91815346647954, 40.77070124254017 ], [ -73.91770217282262, 40.77039311158836 ], [ -73.91807875244565, 40.77006199589579 ], [ -73.917257147954, 40.769853530365786 ], [ -73.91682702403396, 40.76979148980369 ], [ -73.91633725578671, 40.76971303691324 ], [ -73.91584870585983, 40.76963357549691 ], [ -73.91487376464488, 40.769470417345 ], [ -73.91388850243504, 40.769323930123676 ], [ -73.91291677989145, 40.7691612979063 ], [ -73.9119402607033, 40.7690101531208 ] ] ] ] }, "ntaname_normalized": "astoria (central)" }, "geometry": { "type": "MultiPolygon", "coordinates": [ [ [ [ -73.911940260703304, 40.769010153120803 ], [ -73.914499024221954, 40.765856399516657 ], [ -73.914132300733201, 40.765683607540971 ], [ -73.913700713879436, 40.765480239439626 ], [ -73.914992115511112, 40.763892304537983 ], [ -73.9157911738059, 40.76426777112983 ], [ -73.917888078881901, 40.761695075808937 ], [ -73.919799223249996, 40.759349444822249 ], [ -73.921659171090596, 40.757051419989942 ], [ -73.922904757996221, 40.755506165071601 ], [ -73.924157000437276, 40.753961142331761 ], [ -73.924954000833281, 40.754336752169984 ], [ -73.925754291906472, 40.754710899436702 ], [ -73.92655413088238, 40.755085635379039 ], [ -73.927352284156356, 40.755460076366248 ], [ -73.92815372595571, 40.755835855564214 ], [ -73.928955874590187, 40.756212584159272 ], [ -73.929750521530337, 40.756580577646467 ], [ -73.930552674108966, 40.756958942523568 ], [ -73.931351287499737, 40.757334085023679 ], [ -73.932152002758315, 40.757710385327066 ], [ -73.930900353217339, 40.759252882018018 ], [ -73.929650619675542, 40.760797761586886 ], [ -73.930549639172938, 40.761220601302568 ], [ -73.930048519715882, 40.761745045953958 ], [ -73.929434408229056, 40.762380093350828 ], [ -73.930049864420482, 40.762669946319548 ], [ -73.930438149484317, 40.76285257786531 ], [ -73.931336261391138, 40.763276440695712 ], [ -73.931094478327864, 40.763591657344023 ], [ -73.930866529099674, 40.763874224961121 ], [ -73.93036546048927, 40.764490750882558 ], [ -73.929647159186615, 40.765374726540493 ], [ -73.929150351444619, 40.765983316305558 ], [ -73.92855636564407, 40.766714239314474 ], [ -73.928290802904542, 40.767039953792334 ], [ -73.928185868585018, 40.7671686562568 ], [ -73.927820880432222, 40.767616293152365 ], [ -73.927150118209568, 40.768442065619034 ], [ -73.926473412649528, 40.769271395746216 ], [ -73.927806785722282, 40.769889038658427 ], [ -73.927547530333584, 40.770217586582248 ], [ -73.92730372600019, 40.770526558400739 ], [ -73.927067138999604, 40.770819928574795 ], [ -73.926814785575061, 40.771132846354419 ], [ -73.926408326419818, 40.771640642130279 ], [ -73.925900270564526, 40.772262087367082 ], [ -73.925110193400783, 40.773276200242044 ], [ -73.924928224351419, 40.773489041697644 ], [ -73.924486507583453, 40.774049856204684 ], [ -73.923981429381712, 40.774615112688927 ], [ -73.922792644517315, 40.773962295344361 ], [ -73.922166974792901, 40.773546878028405 ], [ -73.921468784391465, 40.773051307188958 ], [ -73.920763395557771, 40.772552547991268 ], [ -73.920076087030296, 40.77206690987456 ], [ -73.919421785372251, 40.771595175730937 ], [ -73.918803125447013, 40.771149388554711 ], [ -73.918705278423147, 40.771078882392551 ], [ -73.918153466479538, 40.77070124254017 ], [ -73.917702172822615, 40.770393111588362 ], [ -73.918078752445652, 40.770061995895787 ], [ -73.917257147954004, 40.769853530365786 ], [ -73.916827024033964, 40.769791489803687 ], [ -73.916337255786715, 40.769713036913238 ], [ -73.91584870585983, 40.769633575496911 ], [ -73.914873764644881, 40.769470417344998 ], [ -73.913888502435043, 40.769323930123676 ], [ -73.912916779891447, 40.769161297906301 ], [ -73.911940260703304, 40.769010153120803 ] ] ] ] } },
{ "type": "Feature", "properties": { "borocode": "4", "boroname": "Queens", "countyfips": "081", "nta2020": "QN0104", "ntaname": "Astoria (East)-Woodside (North)", "ntaabbrev": "Astr_E", "ntatype": "0", "cdta2020": "QN01", "cdtaname": "QN01 Astoria-Queensbridge (CD 1 Equivalent)", "shape_leng": "24359.8799953", "shape_area": "26043278.8597", "the_geom": { "type": "MultiPolygon", "coordinates": [ [ [ [ -73.9020251656558, 40.76741678384724 ], [ -73.90217951744472, 40.767315841501414 ], [ -73.90257322404942, 40.76691942528046 ], [ -73.90272369137845, 40.76676322534271 ], [ -73.90287062808441, 40.76660509458747 ], [ -73.90301399133622, 40.76644507913589 ], [ -73.90315373977802, 40.76628322523281 ], [ -73.90328983222811, 40.76611958050101 ], [ -73.90342222902083, 40.765954192669014 ], [ -73.90345328940118, 40.76591806830572 ], [ -73.90351227752767, 40.76584946011401 ], [ -73.90350291171418, 40.7658270364779 ], [ -73.90324944136411, 40.76522021975379 ], [ -73.90293582519742, 40.76447182507979 ], [ -73.9029236529014, 40.76444277874048 ], [ -73.90269432865682, 40.763895524389646 ], [ -73.90263795145741, 40.763751017024155 ], [ -73.90236948029522, 40.76311582904939 ], [ -73.90233403598215, 40.76303196787976 ], [ -73.90217422476198, 40.76265852730254 ], [ -73.9020729587212, 40.76238097012652 ], [ -73.90199595515824, 40.76212196386812 ], [ -73.90190071973224, 40.761739933436466 ], [ -73.9016636955771, 40.7607891136527 ], [ -73.90175373483066, 40.760775474957306 ], [ -73.90181874125507, 40.76075936713857 ], [ -73.90168394225412, 40.760233845889964 ], [ -73.90157691202835, 40.7598165751404 ], [ -73.90152851563538, 40.75962789467847 ], [ -73.90147053078358, 40.75963305013177 ], [ -73.9014004728903, 40.759639740650435 ], [ -73.90127448185753, 40.7596514785089 ], [ -73.89901804773379, 40.75989121291549 ], [ -73.8988671808206, 40.759904206566965 ], [ -73.89877250789246, 40.75991557716786 ], [ -73.89866137866714, 40.75992101787399 ], [ -73.89855492971277, 40.75992410315857 ], [ -73.89875255565676, 40.759651477211264 ], [ -73.89900063185873, 40.75930925175635 ], [ -73.89904319635845, 40.759243978891355 ], [ -73.89933783201745, 40.75879215023236 ], [ -73.89941653664293, 40.75863016474023 ], [ -73.89948808855446, 40.758466272390145 ], [ -73.89955240810505, 40.758300655738005 ], [ -73.89960682807833, 40.758141640967764 ], [ -73.89965458056353, 40.75798139245058 ], [ -73.89970129880811, 40.757795311892856 ], [ -73.89970878720035, 40.757752729276355 ], [ -73.89972913753492, 40.75763699555351 ], [ -73.89973345136556, 40.75761699670051 ], [ -73.89973990704217, 40.75756787966687 ], [ -73.89974327108595, 40.75749315074011 ], [ -73.89973841964535, 40.75742083507857 ], [ -73.89973377031406, 40.75738593770447 ], [ -73.89969081765832, 40.75702231854914 ], [ -73.8995916718789, 40.75655560813216 ], [ -73.89948010750422, 40.75624658021828 ], [ -73.89922500795566, 40.75554204925014 ], [ -73.89912091444084, 40.75530629132403 ], [ -73.89899088022936, 40.75502646944948 ], [ -73.89896982372015, 40.754981158293994 ], [ -73.89887644880612, 40.75474639055938 ], [ -73.89886270621675, 40.75471183528254 ], [ -73.89860407432124, 40.7542773147453 ], [ -73.89854223111878, 40.75417011243255 ], [ -73.89862947442634, 40.75416152244505 ], [ -73.89873816428349, 40.754153670436175 ], [ -73.8992154677058, 40.754106218946966 ], [ -73.8995734853758, 40.75406353236789 ], [ -73.900302762958, 40.753991315285944 ], [ -73.90121347951349, 40.75390221108655 ], [ -73.90212120277944, 40.753801011977984 ], [ -73.90247213009243, 40.75376303795304 ], [ -73.9029891241067, 40.75370838254378 ], [ -73.90392280604758, 40.75361132463826 ], [ -73.90491691374683, 40.75350527839654 ], [ -73.90586440330034, 40.75340384874583 ], [ -73.90611708033336, 40.75337887628788 ], [ -73.90668545949688, 40.75330794285274 ], [ -73.90690889767504, 40.75328484873504 ], [ -73.90759425987132, 40.753222285107604 ], [ -73.90823661061745, 40.75316242454423 ], [ -73.91023124668567, 40.752976523472874 ], [ -73.91067474897119, 40.752995076324844 ], [ -73.91256954179048, 40.75330421574018 ], [ -73.91354183516043, 40.753468714423846 ], [ -73.91446450778727, 40.75367641156859 ], [ -73.91468429733857, 40.753680069158975 ], [ -73.91547326264894, 40.75379181810008 ], [ -73.91650534553833, 40.753891590793934 ], [ -73.91763192835664, 40.75385784877927 ], [ -73.91892348120153, 40.75363612441162 ], [ -73.92027684657556, 40.75333811821371 ], [ -73.92047925949501, 40.75328523729019 ], [ -73.92161909483322, 40.75302765442461 ], [ -73.92204020417135, 40.75293762805226 ], [ -73.92296643303514, 40.75272880286234 ], [ -73.92441748465806, 40.752404302282535 ], [ -73.92562743791541, 40.752137244755446 ], [ -73.92415700043728, 40.75396114233176 ], [ -73.92290475799622, 40.7555061650716 ], [ -73.9216591710906, 40.75705141998994 ], [ -73.91979922325, 40.75934944482225 ], [ -73.9178880788819, 40.76169507580894 ], [ -73.9157911738059, 40.76426777112983 ], [ -73.91499211551111, 40.76389230453798 ], [ -73.91370071387944, 40.765480239439626 ], [ -73.9141323007332, 40.76568360754097 ], [ -73.91449902422195, 40.76585639951666 ], [ -73.9119402607033, 40.7690101531208 ], [ -73.91094174895495, 40.76885247317258 ], [ -73.9099800633221, 40.7686972347589 ], [ -73.90900804189174, 40.768547190199506 ], [ -73.90803079067071, 40.768384734175484 ], [ -73.90708728989495, 40.7682362315337 ], [ -73.90611305073195, 40.768067705098936 ], [ -73.90577353036042, 40.76802858875928 ], [ -73.90554848037706, 40.767976579891595 ], [ -73.90531717850827, 40.76789865071832 ], [ -73.90490866390317, 40.7677455606032 ], [ -73.90466253886187, 40.767655756717126 ], [ -73.90446527108452, 40.76758377886937 ], [ -73.9042733675036, 40.76754510474049 ], [ -73.90418895266167, 40.767530285436656 ], [ -73.9041363778018, 40.767520317309796 ], [ -73.9038699155145, 40.76749531086078 ], [ -73.90325211610632, 40.76750432294225 ], [ -73.90300528801382, 40.76750966353102 ], [ -73.90275780081615, 40.76750354661691 ], [ -73.90251104152935, 40.76748594086916 ], [ -73.90226637229974, 40.76745694444515 ], [ -73.9020251656558, 40.76741678384724 ] ] ] ] }, "ntaname_normalized": "astoria (east)-woodside (north)" }, "geometry": { "type": "MultiPolygon", "coordinates": [ [ [ [ -73.9020251656558, 40.767416783847239 ], [ -73.902179517444722, 40.767315841501414 ], [ -73.902573224049419, 40.766919425280463 ], [ -73.902723691378455, 40.766763225342707 ], [ -73.902870628084415, 40.766605094587469 ], [ -73.903013991336223, 40.766445079135892 ], [ -73.90315373977802, 40.766283225232812 ], [ -73.903289832228111, 40.766119580501012 ], [ -73.903422229020833, 40.765954192669014 ], [ -73.903453289401185, 40.765918068305723 ], [ -73.903512277527668, 40.765849460114012 ], [ -73.903502911714185, 40.765827036477901 ], [ -73.90324944136411, 40.765220219753793 ], [ -73.902935825197417, 40.764471825079788 ], [ -73.902923652901407, 40.764442778740481 ], [ -73.902694328656821, 40.763895524389646 ], [ -73.902637951457407, 40.763751017024155 ], [ -73.902369480295221, 40.76311582904939 ], [ -73.90233403598215, 40.763031967879762 ], [ -73.902174224761978, 40.762658527302541 ], [ -73.902072958721206, 40.762380970126522 ], [ -73.901995955158242, 40.762121963868118 ], [ -73.90190071973224, 40.761739933436466 ], [ -73.901663695577099, 40.760789113652699 ], [ -73.901753734830663, 40.760775474957306 ], [ -73.90181874125507, 40.760759367138569 ], [ -73.901683942254124, 40.760233845889964 ], [ -73.901576912028347, 40.759816575140398 ], [ -73.901528515635377, 40.759627894678466 ], [ -73.901470530783584, 40.759633050131768 ], [ -73.901400472890302, 40.759639740650435 ], [ -73.901274481857527, 40.7596514785089 ], [ -73.89901804773379, 40.759891212915491 ], [ -73.898867180820602, 40.759904206566965 ], [ -73.89877250789246, 40.75991557716786 ], [ -73.898661378667143, 40.759921017873992 ], [ -73.898554929712773, 40.759924103158568 ], [ -73.898752555656756, 40.759651477211264 ], [ -73.899000631858726, 40.759309251756349 ], [ -73.899043196358448, 40.759243978891355 ], [ -73.899337832017451, 40.75879215023236 ], [ -73.899416536642931, 40.758630164740232 ], [ -73.899488088554463, 40.758466272390145 ], [ -73.899552408105052, 40.758300655738005 ], [ -73.899606828078333, 40.758141640967764 ], [ -73.899654580563535, 40.757981392450581 ], [ -73.899701298808111, 40.757795311892856 ], [ -73.899708787200353, 40.757752729276355 ], [ -73.899729137534919, 40.757636995553511 ], [ -73.899733451365563, 40.757616996700513 ], [ -73.899739907042175, 40.757567879666873 ], [ -73.899743271085953, 40.75749315074011 ], [ -73.899738419645345, 40.75742083507857 ], [ -73.899733770314057, 40.75738593770447 ], [ -73.899690817658325, 40.75702231854914 ], [ -73.899591671878895, 40.75655560813216 ], [ -73.899480107504218, 40.756246580218281 ], [ -73.899225007955664, 40.755542049250138 ], [ -73.899120914440843, 40.755306291324032 ], [ -73.898990880229363, 40.755026469449483 ], [ -73.898969823720151, 40.754981158293994 ], [ -73.898876448806121, 40.754746390559383 ], [ -73.898862706216747, 40.754711835282542 ], [ -73.898604074321241, 40.754277314745302 ], [ -73.898542231118782, 40.754170112432547 ], [ -73.898629474426343, 40.754161522445052 ], [ -73.898738164283486, 40.754153670436175 ], [ -73.899215467705801, 40.754106218946966 ], [ -73.899573485375797, 40.754063532367887 ], [ -73.900302762958006, 40.753991315285944 ], [ -73.901213479513487, 40.753902211086547 ], [ -73.902121202779441, 40.753801011977984 ], [ -73.902472130092434, 40.753763037953043 ], [ -73.902989124106696, 40.753708382543778 ], [ -73.903922806047575, 40.753611324638257 ], [ -73.904916913746831, 40.753505278396538 ], [ -73.905864403300342, 40.753403848745833 ], [ -73.90611708033336, 40.753378876287883 ], [ -73.906685459496885, 40.753307942852743 ], [ -73.906908897675038, 40.753284848735042 ], [ -73.907594259871317, 40.753222285107604 ], [ -73.90823661061745, 40.753162424544229 ], [ -73.910231246685669, 40.752976523472874 ], [ -73.910674748971189, 40.752995076324844 ], [ -73.912569541790475, 40.753304215740179 ], [ -73.91354183516043, 40.753468714423846 ], [ -73.914464507787272, 40.753676411568591 ], [ -73.914684297338567, 40.753680069158975 ], [ -73.915473262648945, 40.753791818100083 ], [ -73.916505345538326, 40.753891590793934 ], [ -73.917631928356641, 40.753857848779269 ], [ -73.918923481201531, 40.753636124411621 ], [ -73.920276846575561, 40.753338118213712 ], [ -73.920479259495011, 40.753285237290193 ], [ -73.921619094833218, 40.753027654424614 ], [ -73.922040204171353, 40.752937628052258 ], [ -73.922966433035143, 40.752728802862343 ], [ -73.924417484658065, 40.752404302282535 ], [ -73.925627437915409, 40.752137244755446 ], [ -73.924157000437276, 40.753961142331761 ], [ -73.922904757996221, 40.755506165071601 ], [ -73.921659171090596, 40.757051419989942 ], [ -73.919799223249996, 40.759349444822249 ], [ -73.917888078881901, 40.761695075808937 ], [ -73.9157911738059, 40.76426777112983 ], [ -73.914992115511112, 40.763892304537983 ], [ -73.913700713879436, 40.765480239439626 ], [ -73.914132300733201, 40.765683607540971 ], [ -73.914499024221954, 40.765856399516657 ], [ -73.911940260703304, 40.769010153120803 ], [ -73.910941748954954, 40.768852473172579 ], [ -73.909980063322095, 40.768697234758903 ], [ -73.909008041891738, 40.768547190199506 ], [ -73.908030790670708, 40.768384734175484 ], [ -73.907087289894946, 40.768236231533699 ], [ -73.906113050731946, 40.768067705098936 ], [ -73.90577353036042, 40.768028588759279 ], [ -73.905548480377064, 40.767976579891595 ], [ -73.90531717850827, 40.767898650718323 ], [ -73.904908663903171, 40.767745560603203 ], [ -73.904662538861871, 40.767655756717126 ], [ -73.904465271084518, 40.767583778869373 ], [ -73.904273367503606, 40.767545104740492 ], [ -73.90418895266167, 40.767530285436656 ], [ -73.904136377801805, 40.767520317309796 ], [ -73.903869915514505, 40.767495310860781 ], [ -73.903252116106316, 40.767504322942251 ], [ -73.903005288013816, 40.767509663531023 ], [ -73.902757800816147, 40.767503546616908 ], [ -73.902511041529351, 40.767485940869157 ], [ -73.902266372299735, 40.767456944445151 ], [ -73.9020251656558, 40.767416783847239 ] ] ] ] } },
{ "type": "Feature", "properties": { "borocode": "4", "boroname": "Queens", "countyfips": "081", "nta2020": "QN0191", "ntaname": "Astoria Park", "ntaabbrev": "AstrPk", "ntatype": "9", "cdta2020": "QN01", "cdtaname": "QN01 Astoria-Queensbridge (CD 1 Equivalent)", "shape_leng": "8570.89476599", "shape_area": "2674946.20785", "the_geom": { "type": "MultiPolygon", "coordinates": [ [ [ [ -73.92398142938171, 40.77461511268893 ], [ -73.92523246197725, 40.77529885466421 ], [ -73.92531479791208, 40.7753438519787 ], [ -73.92602208158418, 40.775730399134055 ], [ -73.92658081949253, 40.77603925893102 ], [ -73.92737641808692, 40.7764666115751 ], [ -73.92784637065012, 40.77672664738822 ], [ -73.92827730832717, 40.77689897532444 ], [ -73.92631833403904, 40.77824177518497 ], [ -73.92582201245972, 40.778385906263104 ], [ -73.92574521646584, 40.778405371341016 ], [ -73.9256507624441, 40.77843081183346 ], [ -73.92557304262864, 40.77845885182878 ], [ -73.92487344547867, 40.778625604509486 ], [ -73.92423363007518, 40.77910119376552 ], [ -73.92318694398017, 40.78024839312534 ], [ -73.92295652690196, 40.78044100761968 ], [ -73.92263013830838, 40.78056478572803 ], [ -73.9220996549944, 40.78085187463694 ], [ -73.92097562099683, 40.78176769150648 ], [ -73.91996458792964, 40.78263506903906 ], [ -73.91975969987317, 40.782514177965204 ], [ -73.91796581435896, 40.78125629196757 ], [ -73.91861823142098, 40.780732868933214 ], [ -73.91906476590005, 40.780359563872615 ], [ -73.91939411501846, 40.780090356538786 ], [ -73.92012731135559, 40.77948895286682 ], [ -73.92078680505466, 40.778952267561166 ], [ -73.92139486601262, 40.778454444963295 ], [ -73.9219963716414, 40.77795634949526 ], [ -73.92264888601315, 40.777422651430484 ], [ -73.92331041504792, 40.77688329528268 ], [ -73.92375761330372, 40.776547012019 ], [ -73.92302571547225, 40.77538430988934 ], [ -73.92314549376043, 40.775287014781256 ], [ -73.92320981435874, 40.77523476925555 ], [ -73.92327783675094, 40.7751776230207 ], [ -73.92334041480186, 40.7751289120553 ], [ -73.92398142938171, 40.77461511268893 ] ] ] ] }, "ntaname_normalized": "astoria park" }, "geometry": { "type": "MultiPolygon", "coordinates": [ [ [ [ -73.923981429381712, 40.774615112688927 ], [ -73.925232461977245, 40.775298854664207 ], [ -73.92531479791208, 40.775343851978697 ], [ -73.926022081584179, 40.775730399134055 ], [ -73.926580819492528, 40.776039258931021 ], [ -73.927376418086922, 40.776466611575103 ], [ -73.927846370650116, 40.776726647388223 ], [ -73.928277308327168, 40.776898975324443 ], [ -73.926318334039038, 40.778241775184974 ], [ -73.925822012459719, 40.778385906263104 ], [ -73.925745216465842, 40.778405371341016 ], [ -73.925650762444107, 40.778430811833459 ], [ -73.925573042628642, 40.77845885182878 ], [ -73.924873445478667, 40.778625604509486 ], [ -73.924233630075179, 40.77910119376552 ], [ -73.92318694398017, 40.780248393125341 ], [ -73.922956526901956, 40.780441007619679 ], [ -73.922630138308378, 40.780564785728032 ], [ -73.922099654994398, 40.780851874636937 ], [ -73.920975620996828, 40.781767691506481 ], [ -73.919964587929641, 40.78263506903906 ], [ -73.919759699873168, 40.782514177965204 ], [ -73.917965814358965, 40.781256291967573 ], [ -73.918618231420979, 40.780732868933214 ], [ -73.919064765900046, 40.780359563872615 ], [ -73.919394115018463, 40.780090356538786 ], [ -73.920127311355586, 40.779488952866821 ], [ -73.920786805054661, 40.778952267561166 ], [ -73.921394866012619, 40.778454444963295 ], [ -73.921996371641399, 40.777956349495263 ], [ -73.92264888601315, 40.777422651430484 ], [ -73.923310415047922, 40.77688329528268 ], [ -73.923757613303721, 40.776547012019002 ], [ -73.923025715472249, 40.77538430988934 ], [ -73.92314549376043, 40.775287014781256 ], [ -73.923209814358742, 40.775234769255547 ], [ -73.923277836750941, 40.775177623020703 ], [ -73.923340414801856, 40.775128912055301 ], [ -73.923981429381712, 40.774615112688927 ] ] ] ] } }
]
}
