{
"type": "FeatureCollection",
"name": "astoria-covered-streets",
"crs": { "type": "name", "properties": { "name": "urn:ogc:def:crs:OGC:1.3:CRS84" } },
"features": [
{ "type": "Feature", "properties": { "u": 42800986, "v": 597443989, "key": 0, "osmid": "5707799", "highway": "secondary", "lanes": "2", "maxspeed": "25 mph", "name": "Astoria Boulevard North", "oneway": false, "reversed": "False", "length": 56.740256139799854, "bridge": null, "access": null, "ref": null }, "geometry": { "type": "LineString", "coordinates": [ [ -73.9038558, 40.7681255 ], [ -73.9039225, 40.7681407 ], [ -73.9039823, 40.7681559 ], [ -73.9040538, 40.7681777 ], [ -73.9041026, 40.7681973 ], [ -73.9044278, 40.7683848 ] ] } },
{ "type": "Feature", "properties": { "u": 42800986, "v": 42860019, "key": 0, "osmid": "1134690190", "highway": "secondary", "lanes": "3", "maxspeed": "25 mph", "name": "Astoria Boulevard North", "oneway": false, "reversed": "True", "length": 97.792599835525635, "bridge": null, "access": null, "ref": null }, "geometry": { "type": "LineString", "coordinates": [ [ -73.9038558, 40.7681255 ], [ -73.9037599, 40.768103 ], [ -73.9036977, 40.7680899 ], [ -73.9035873, 40.768065 ], [ -73.90348, 40.7680452 ], [ -73.9033642, 40.7680269 ], [ -73.9027256, 40.767926 ] ] } },
{ "type": "Feature", "properties": { "u": 42802627, "v": 42897257, "key": 0, "osmid": "535072104", "highway": "secondary", "lanes": "2", "maxspeed": "25 mph", "name": "Hoyt Avenue North", "oneway": false, "reversed": "False", "length": 79.59831127565343, "bridge": null, "access": null, "ref": null }, "geometry": { "type": "LineString", "coordinates": [ [ -73.919585, 40.772469 ], [ -73.9196549, 40.7725188 ], [ -73.9198635, 40.7726676 ], [ -73.9200954, 40.772833 ], [ -73.9202185, 40.7729208 ], [ -73.9202731, 40.7729598 ] ] } },
{ "type": "Feature", "properties": { "u": 42802627, "v": 42817462, "key": 0, "osmid": [ 1425418393, 1424092380, 46140174 ], "highway": "secondary", "lanes": "3", "maxspeed": "25 mph", "name": "Hoyt Avenue North", "oneway": false, "reversed": "True", "length": 78.953191016943521, "bridge": null, "access": null, "ref": null }, "geometry": { "type": "LineString", "coordinates": [ [ -73.919585, 40.772469 ], [ -73.9195311, 40.7724298 ], [ -73.9195164, 40.7724194 ], [ -73.919453, 40.7723729 ], [ -73.9192476, 40.7722336 ], [ -73.9188911, 40.7719916 ] ] } },
{ "type": "Feature", "properties": { "u": 42803578, "v": 42899921, "key": 0, "osmid": [ 5707800, 241364267 ], "highway": "secondary", "lanes": [ "4", "2" ], "maxspeed": "25 mph", "name": [ "Grand Central Parkway", "Astoria Boulevard North" ], "oneway": false, "reversed": "True", "length": 79.16489083172543, "bridge": null, "access": null, "ref": null }, "geometry": { "type": "LineString", "coordinates": [ [ -73.8911654, 40.7666041 ], [ -73.8909911, 40.7666166 ], [ -73.8908102, 40.7666293 ], [ -73.8907334, 40.766635 ], [ -73.8906007, 40.7666494 ], [ -73.8904855, 40.7666629 ], [ -73.8903641, 40.7666793 ], [ -73.8902342, 40.7666977 ] ] } },
{ "type": "Feature", "properties": { "u": 42803578, "v": 7680510035, "key": 0, "osmid": "1038773813", "highway": "secondary", "lanes": "3", "maxspeed": "25 mph", "name": "Astoria Boulevard North", "oneway": false, "reversed": "False", "length": 81.063771826427356, "bridge": null, "access": null, "ref": null }, "geometry": { "type": "LineString", "coordinates": [ [ -73.8911654, 40.7666041 ], [ -73.8912675, 40.7666044 ], [ -73.891378, 40.7666086 ], [ -73.8914966, 40.7666166 ], [ -73.89162, 40.7666273 ], [ -73.8921216, 40.7666808 ] ] } },
{ "type": "Feature", "properties": { "u": 42807758, "v": 42860019, "key": 0, "osmid": "1134690190", "highway": "secondary", "lanes": "3", "maxspeed": "25 mph", "name": "Astoria Boulevard North", "oneway": false, "reversed": "False", "length": 94.076633125530634, "bridge": null, "access": null, "ref": null }, "geometry": { "type": "LineString", "coordinates": [ [ -73.9016319, 40.7677538 ], [ -73.90174, 40.7677723 ], [ -73.9019054, 40.7677981 ], [ -73.9027256, 40.767926 ] ] } },
{ "type": "Feature", "properties": { "u": 42807758, "v": 42910631, "key": 0, "osmid": "1134690190", "highway": "secondary", "lanes": "3", "maxspeed": "25 mph", "name": "Astoria Boulevard North", "oneway": false, "reversed": "True", "length": 96.540870362658637, "bridge": null, "access": null, "ref": null }, "geometry": { "type": "LineString", "coordinates": [ [ -73.9016319, 40.7677538 ], [ -73.9015292, 40.767739 ], [ -73.9005113, 40.7675709 ] ] } },
{ "type": "Feature", "properties": { "u": 42807758, "v": 42807768, "key": 0, "osmid": [ 46738913, 46738914, 1134690191 ], "highway": "tertiary", "lanes": "2", "maxspeed": null, "name": "49th Street", "oneway": false, "reversed": "False", "length": 50.374079111463502, "bridge": "yes", "access": null, "ref": null }, "geometry": { "type": "LineString", "coordinates": [ [ -73.9016319, 40.7677538 ], [ -73.9016911, 40.7677011 ], [ -73.9019701, 40.7674726 ], [ -73.9020406, 40.7674234 ] ] } },
{ "type": "Feature", "properties": { "u": 42807768, "v": 42885742, "key": 0, "osmid": [ 46738918, 25173654, 159229975 ], "highway": "secondary", "lanes": "3", "maxspeed": null, "name": "Astoria Boulevard South", "oneway": false, "reversed": "True", "length": 355.08153894821442, "bridge": "yes", "access": null, "ref": null }, "geometry": { "type": "LineString", "coordinates": [ [ -73.9020406, 40.7674234 ], [ -73.9021606, 40.7674426 ], [ -73.9022605, 40.7674519 ], [ -73.9023659, 40.7674674 ], [ -73.9025061, 40.7674819 ], [ -73.9026592, 40.7674949 ], [ -73.9027989, 40.7675035 ], [ -73.9029454, 40.7675082 ], [ -73.9030848, 40.7675085 ], [ -73.9032224, 40.7675065 ], [ -73.9035133, 40.7674961 ], [ -73.9036583, 40.7674937 ], [ -73.9038188, 40.7674938 ], [ -73.9039736, 40.7675055 ], [ -73.9041144, 40.7675217 ], [ -73.9042431, 40.7675414 ], [ -73.9043902, 40.7675706 ], [ -73.9045322, 40.7676064 ], [ -73.9046596, 40.7676436 ], [ -73.9047877, 40.7676889 ], [ -73.9049119, 40.7677352 ], [ -73.9052759, 40.7678845 ], [ -73.905413, 40.7679343 ], [ -73.9055495, 40.7679767 ], [ -73.905663, 40.7680062 ], [ -73.9058017, 40.7680354 ], [ -73.9060991, 40.7680856 ] ] } },
{ "type": "Feature", "properties": { "u": 42807768, "v": 42807758, "key": 0, "osmid": [ 46738913, 46738914, 1134690191 ], "highway": "tertiary", "lanes": "2", "maxspeed": null, "name": "49th Street", "oneway": false, "reversed": "True", "length": 50.374079111463502, "bridge": "yes", "access": null, "ref": null }, "geometry": { "type": "LineString", "coordinates": [ [ -73.9020406, 40.7674234 ], [ -73.9019701, 40.7674726 ], [ -73.9016911, 40.7677011 ], [ -73.9016319, 40.7677538 ] ] } },
{ "type": "Feature", "properties": { "u": 42807768, "v": 7659616012, "key": 0, "osmid": "46869137", "highway": "tertiary", "lanes": "2", "maxspeed": null, "name": "49th Street", "oneway": false, "reversed": "False", "length": 13.645409969551789, "bridge": null, "access": null, "ref": null }, "geometry": { "type": "LineString", "coordinates": [ [ -73.9020406, 40.7674234 ], [ -73.9021372, 40.7673486 ], [ -73.9021542, 40.7673359 ] ] } },
{ "type": "Feature", "properties": { "u": 42808162, "v": 42861235, "key": 0, "osmid": "963603330", "highway": "secondary", "lanes": "2", "maxspeed": "25 mph", "name": "Hoyt Avenue North", "oneway": false, "reversed": "False", "length": 79.899399617966637, "bridge": null, "access": null, "ref": null }, "geometry": { "type": "LineString", "coordinates": [ [ -73.920962, 40.773441 ], [ -73.9210301, 40.7734891 ], [ -73.9211523, 40.7735754 ], [ -73.9215989, 40.7738908 ], [ -73.921656, 40.773931 ] ] } },
{ "type": "Feature", "properties": { "u": 42808162, "v": 42897257, "key": 0, "osmid": "963603331", "highway": "secondary", "lanes": "3", "maxspeed": "25 mph", "name": "Hoyt Avenue North", "oneway": false, "reversed": "True", "length": 78.91944643411135, "bridge": null, "access": null, "ref": null }, "geometry": { "type": "LineString", "coordinates": [ [ -73.920962, 40.773441 ], [ -73.9209071, 40.7734027 ], [ -73.9202731, 40.7729598 ] ] } },
{ "type": "Feature", "properties": { "u": 42810904, "v": 42812026, "key": 0, "osmid": "5701447", "highway": "residential", "lanes": null, "maxspeed": null, "name": "19th Street", "oneway": false, "reversed": "False", "length": 96.856247881699019, "bridge": null, "access": null, "ref": null }, "geometry": { "type": "LineString", "coordinates": [ [ -73.918618, 40.780733 ], [ -73.919394, 40.78009 ] ] } },
{ "type": "Feature", "properties": { "u": 42810904, "v": 42812019, "key": 0, "osmid": "5701447", "highway": "residential", "lanes": null, "maxspeed": null, "name": "19th Street", "oneway": false, "reversed": "True", "length": 80.703924678209077, "bridge": null, "access": null, "ref": null }, "geometry": { "type": "LineString", "coordinates": [ [ -73.918618, 40.780733 ], [ -73.9180379, 40.7812107 ], [ -73.9179676, 40.7812661 ] ] } },
{ "type": "Feature", "properties": { "u": 42810910, "v": 42850472, "key": 0, "osmid": "5708659", "highway": "residential", "lanes": null, "maxspeed": "25 mph", "name": "23rd Street", "oneway": false, "reversed": "False", "length": 97.84462653400837, "bridge": null, "access": null, "ref": null }, "geometry": { "type": "LineString", "coordinates": [ [ -73.9164677, 40.7792212 ], [ -73.917255, 40.778574 ] ] } },
{ "type": "Feature", "properties": { "u": 42810910, "v": 42874596, "key": 0, "osmid": "5708659", "highway": "residential", "lanes": null, "maxspeed": "25 mph", "name": "23rd Street", "oneway": false, "reversed": "True", "length": 80.034710427375217, "bridge": null, "access": null, "ref": null }, "geometry": { "type": "LineString", "coordinates": [ [ -73.9164677, 40.7792212 ], [ -73.9158863, 40.7796942 ], [ -73.91582, 40.779748 ] ] } },
{ "type": "Feature", "properties": { "u": 42812008, "v": 42908847, "key": 0, "osmid": "5707681", "highway": "residential", "lanes": "2", "maxspeed": "25 mph", "name": "21st Avenue", "oneway": false, "reversed": "False", "length": 47.926931649062546, "bridge": null, "access": null, "ref": null }, "geometry": { "type": "LineString", "coordinates": [ [ -73.915729, 40.7830929 ], [ -73.9153103, 40.7828009 ] ] } },
{ "type": "Feature", "properties": { "u": 42812008, "v": 42812011, "key": 0, "osmid": "5701447", "highway": "residential", "lanes": null, "maxspeed": null, "name": "19th Street", "oneway": false, "reversed": "False", "length": 107.18182170698246, "bridge": null, "access": null, "ref": null }, "geometry": { "type": "LineString", "coordinates": [ [ -73.915729, 40.7830929 ], [ -73.9157987, 40.7830357 ], [ -73.9161139, 40.7827771 ], [ -73.9163483, 40.7825852 ], [ -73.9165355, 40.782432 ], [ -73.916593, 40.782385 ] ] } },
{ "type": "Feature", "properties": { "u": 42812011, "v": 42812016, "key": 0, "osmid": "5701447", "highway": "residential", "lanes": null, "maxspeed": null, "name": "19th Street", "oneway": false, "reversed": "False", "length": 88.157780176614949, "bridge": null, "access": null, "ref": null }, "geometry": { "type": "LineString", "coordinates": [ [ -73.916593, 40.782385 ], [ -73.9166472, 40.7823406 ], [ -73.9172528, 40.7818448 ], [ -73.917304, 40.781803 ] ] } },
{ "type": "Feature", "properties": { "u": 42812011, "v": 42812008, "key": 0, "osmid": "5701447", "highway": "residential", "lanes": null, "maxspeed": null, "name": "19th Street", "oneway": false, "reversed": "True", "length": 107.18182170698245, "bridge": null, "access": null, "ref": null }, "geometry": { "type": "LineString", "coordinates": [ [ -73.916593, 40.782385 ], [ -73.9165355, 40.782432 ], [ -73.9163483, 40.7825852 ], [ -73.9161139, 40.7827771 ], [ -73.9157987, 40.7830357 ], [ -73.915729, 40.7830929 ] ] } },
{ "type": "Feature", "properties": { "u": 42812016, "v": 42812019, "key": 0, "osmid": "5701447", "highway": "residential", "lanes": null, "maxspeed": null, "name": "19th Street", "oneway": false, "reversed": "False", "length": 81.768097083894247, "bridge": null, "access": null, "ref": null }, "geometry": { "type": "LineString", "coordinates": [ [ -73.917304, 40.781803 ], [ -73.9173588, 40.7817586 ], [ -73.9179077, 40.7813149 ], [ -73.9179676, 40.7812661 ] ] } },
{ "type": "Feature", "properties": { "u": 42812016, "v": 42812011, "key": 0, "osmid": "5701447", "highway": "residential", "lanes": null, "maxspeed": null, "name": "19th Street", "oneway": false, "reversed": "True", "length": 88.157780176614949, "bridge": null, "access": null, "ref": null }, "geometry": { "type": "LineString", "coordinates": [ [ -73.917304, 40.781803 ], [ -73.9172528, 40.7818448 ], [ -73.9166472, 40.7823406 ], [ -73.916593, 40.782385 ] ] } },
{ "type": "Feature", "properties": { "u": 42812019, "v": 42810904, "key": 0, "osmid": "5701447", "highway": "residential", "lanes": null, "maxspeed": null, "name": "19th Street", "oneway": false, "reversed": "False", "length": 80.703924678209077, "bridge": null, "access": null, "ref": null }, "geometry": { "type": "LineString", "coordinates": [ [ -73.9179676, 40.7812661 ], [ -73.9180379, 40.7812107 ], [ -73.918618, 40.780733 ] ] } },
{ "type": "Feature", "properties": { "u": 42812019, "v": 42812016, "key": 0, "osmid": "5701447", "highway": "residential", "lanes": null, "maxspeed": null, "name": "19th Street", "oneway": false, "reversed": "True", "length": 81.768097083894247, "bridge": null, "access": null, "ref": null }, "geometry": { "type": "LineString", "coordinates": [ [ -73.9179676, 40.7812661 ], [ -73.9179077, 40.7813149 ], [ -73.9173588, 40.7817586 ], [ -73.917304, 40.781803 ] ] } },
{ "type": "Feature", "properties": { "u": 42812026, "v": 42810904, "key": 0, "osmid": "5701447", "highway": "residential", "lanes": null, "maxspeed": null, "name": "19th Street", "oneway": false, "reversed": "True", "length": 96.856247881699019, "bridge": null, "access": null, "ref": null }, "geometry": { "type": "LineString", "coordinates": [ [ -73.919394, 40.78009 ], [ -73.918618, 40.780733 ] ] } },
{ "type": "Feature", "properties": { "u": 42812026, "v": 42812029, "key": 0, "osmid": "5701447", "highway": "residential", "lanes": null, "maxspeed": null, "name": "19th Street", "oneway": false, "reversed": "False", "length": 90.968861538495304, "bridge": null, "access": null, "ref": null }, "geometry": { "type": "LineString", "coordinates": [ [ -73.919394, 40.78009 ], [ -73.9200585, 40.7795467 ], [ -73.920127, 40.779489 ] ] } },
{ "type": "Feature", "properties": { "u": 42812029, "v": 42812036, "key": 0, "osmid": "5701447", "highway": "residential", "lanes": null, "maxspeed": null, "name": "19th Street", "oneway": false, "reversed": "False", "length": 81.570684731761503, "bridge": null, "access": null, "ref": null }, "geometry": { "type": "LineString", "coordinates": [ [ -73.920127, 40.779489 ], [ -73.920199, 40.7794305 ], [ -73.920401, 40.7792661 ], [ -73.920787, 40.778952 ] ] } },
{ "type": "Feature", "properties": { "u": 42812029, "v": 42812026, "key": 0, "osmid": "5701447", "highway": "residential", "lanes": null, "maxspeed": null, "name": "19th Street", "oneway": false, "reversed": "True", "length": 90.968861538495304, "bridge": null, "access": null, "ref": null }, "geometry": { "type": "LineString", "coordinates": [ [ -73.920127, 40.779489 ], [ -73.9200585, 40.7795467 ], [ -73.919394, 40.78009 ] ] } },
{ "type": "Feature", "properties": { "u": 42812036, "v": 42812044, "key": 0, "osmid": "5701447", "highway": "residential", "lanes": null, "maxspeed": null, "name": "19th Street", "oneway": false, "reversed": "False", "length": 75.413940689819128, "bridge": null, "access": null, "ref": null }, "geometry": { "type": "LineString", "coordinates": [ [ -73.920787, 40.778952 ], [ -73.9209362, 40.7788298 ], [ -73.9212387, 40.778582 ], [ -73.921395, 40.778454 ] ] } },
{ "type": "Feature", "properties": { "u": 42812036, "v": 42812029, "key": 0, "osmid": "5701447", "highway": "residential", "lanes": null, "maxspeed": null, "name": "19th Street", "oneway": false, "reversed": "True", "length": 81.570684731761503, "bridge": null, "access": null, "ref": null }, "geometry": { "type": "LineString", "coordinates": [ [ -73.920787, 40.778952 ], [ -73.920401, 40.7792661 ], [ -73.920199, 40.7794305 ], [ -73.920127, 40.779489 ] ] } },
{ "type": "Feature", "properties": { "u": 42812044, "v": 42812049, "key": 0, "osmid": "5701447", "highway": "residential", "lanes": null, "maxspeed": null, "name": "19th Street", "oneway": false, "reversed": "False", "length": 75.992496168801395, "bridge": null, "access": null, "ref": null }, "geometry": { "type": "LineString", "coordinates": [ [ -73.921395, 40.778454 ], [ -73.9215582, 40.7783159 ], [ -73.9219457, 40.7779879 ], [ -73.9219968, 40.7779447 ] ] } },
{ "type": "Feature", "properties": { "u": 42812044, "v": 42812036, "key": 0, "osmid": "5701447", "highway": "residential", "lanes": null, "maxspeed": null, "name": "19th Street", "oneway": false, "reversed": "True", "length": 75.413940689819142, "bridge": null, "access": null, "ref": null }, "geometry": { "type": "LineString", "coordinates": [ [ -73.921395, 40.778454 ], [ -73.9212387, 40.778582 ], [ -73.9209362, 40.7788298 ], [ -73.920787, 40.778952 ] ] } },
{ "type": "Feature", "properties": { "u": 42812049, "v": 42812053, "key": 0, "osmid": "5701447", "highway": "residential", "lanes": null, "maxspeed": null, "name": "19th Street", "oneway": false, "reversed": "False", "length": 80.751275515778417, "bridge": null, "access": null, "ref": null }, "geometry": { "type": "LineString", "coordinates": [ [ -73.9219968, 40.7779447 ], [ -73.9220367, 40.7779145 ], [ -73.9221284, 40.777845 ], [ -73.9225638, 40.7774949 ], [ -73.9225762, 40.7774849 ], [ -73.9226582, 40.7774189 ] ] } },
{ "type": "Feature", "properties": { "u": 42812049, "v": 42812044, "key": 0, "osmid": "5701447", "highway": "residential", "lanes": null, "maxspeed": null, "name": "19th Street", "oneway": false, "reversed": "True", "length": 75.992496168801381, "bridge": null, "access": null, "ref": null }, "geometry": { "type": "LineString", "coordinates": [ [ -73.9219968, 40.7779447 ], [ -73.9219457, 40.7779879 ], [ -73.9215582, 40.7783159 ], [ -73.921395, 40.778454 ] ] } },
{ "type": "Feature", "properties": { "u": 42812053, "v": 42812056, "key": 0, "osmid": "5701447", "highway": "residential", "lanes": null, "maxspeed": null, "name": "19th Street", "oneway": false, "reversed": "False", "length": 81.013022977319935, "bridge": null, "access": null, "ref": null }, "geometry": { "type": "LineString", "coordinates": [ [ -73.9226582, 40.7774189 ], [ -73.9227317, 40.7773585 ], [ -73.9227432, 40.777349 ], [ -73.92331, 40.776883 ] ] } },
{ "type": "Feature", "properties": { "u": 42812053, "v": 42812049, "key": 0, "osmid": "5701447", "highway": "residential", "lanes": null, "maxspeed": null, "name": "19th Street", "oneway": false, "reversed": "True", "length": 80.751275515778417, "bridge": null, "access": null, "ref": null }, "geometry": { "type": "LineString", "coordinates": [ [ -73.9226582, 40.7774189 ], [ -73.9225762, 40.7774849 ], [ -73.9225638, 40.7774949 ], [ -73.9221284, 40.777845 ], [ -73.9220367, 40.7779145 ], [ -73.9219968, 40.7779447 ] ] } },
{ "type": "Feature", "properties": { "u": 42812056, "v": 42826008, "key": 0, "osmid": [ 5706874, 1425419467, 5701447 ], "highway": [ "residential", "secondary" ], "lanes": [ "2", "3" ], "maxspeed": "25 mph", "name": [ "Hoyt Avenue North", "19th Street" ], "oneway": false, "reversed": "False", "length": 194.79166284570621, "bridge": null, "access": null, "ref": null }, "geometry": { "type": "LineString", "coordinates": [ [ -73.92331, 40.776883 ], [ -73.923645, 40.7766194 ], [ -73.9236663, 40.7766027 ], [ -73.9237433, 40.776542 ], [ -73.9237005, 40.7765079 ], [ -73.9233157, 40.7758963 ], [ -73.9230716, 40.7754943 ], [ -73.9230165, 40.7753908 ] ] } },
{ "type": "Feature", "properties": { "u": 42812056, "v": 42812053, "key": 0, "osmid": "5701447", "highway": "residential", "lanes": null, "maxspeed": null, "name": "19th Street", "oneway": false, "reversed": "True", "length": 81.013022977319935, "bridge": null, "access": null, "ref": null }, "geometry": { "type": "LineString", "coordinates": [ [ -73.92331, 40.776883 ], [ -73.9227432, 40.777349 ], [ -73.9227317, 40.7773585 ], [ -73.9226582, 40.7774189 ] ] } },
{ "type": "Feature", "properties": { "u": 42817383, "v": 42833248, "key": 0, "osmid": "108305981", "highway": "residential", "lanes": null, "maxspeed": "20 mph", "name": "Newtown Avenue", "oneway": false, "reversed": "False", "length": 33.668444082646673, "bridge": null, "access": null, "ref": null }, "geometry": { "type": "LineString", "coordinates": [ [ -73.9224342, 40.7694083 ], [ -73.922379, 40.7693626 ], [ -73.9222333, 40.769235 ], [ -73.9221663, 40.7691837 ] ] } },
{ "type": "Feature", "properties": { "u": 42817383, "v": 42872073, "key": 0, "osmid": "108305981", "highway": "residential", "lanes": null, "maxspeed": "20 mph", "name": "Newtown Avenue", "oneway": false, "reversed": "True", "length": 65.539027149030915, "bridge": null, "access": null, "ref": null }, "geometry": { "type": "LineString", "coordinates": [ [ -73.9224342, 40.7694083 ], [ -73.9224824, 40.7694498 ], [ -73.9227275, 40.769661 ], [ -73.922948, 40.769851 ] ] } },
{ "type": "Feature", "properties": { "u": 42817462, "v": 42802627, "key": 0, "osmid": [ 1425418393, 1424092380, 46140174 ], "highway": "secondary", "lanes": "3", "maxspeed": "25 mph", "name": "Hoyt Avenue North", "oneway": false, "reversed": "False", "length": 78.953191016943535, "bridge": null, "access": null, "ref": null }, "geometry": { "type": "LineString", "coordinates": [ [ -73.9188911, 40.7719916 ], [ -73.9192476, 40.7722336 ], [ -73.919453, 40.7723729 ], [ -73.9195164, 40.7724194 ], [ -73.9195311, 40.7724298 ], [ -73.919585, 40.772469 ] ] } },
{ "type": "Feature", "properties": { "u": 42817462, "v": 42833276, "key": 0, "osmid": "46140174", "highway": "secondary", "lanes": "3", "maxspeed": "25 mph", "name": "Hoyt Avenue North", "oneway": false, "reversed": "True", "length": 79.520726725177838, "bridge": null, "access": null, "ref": null }, "geometry": { "type": "LineString", "coordinates": [ [ -73.9188911, 40.7719916 ], [ -73.918408, 40.7716267 ], [ -73.9182483, 40.7714694 ] ] } },
{ "type": "Feature", "properties": { "u": 42818186, "v": 42881027, "key": 0, "osmid": "5708659", "highway": "residential", "lanes": null, "maxspeed": "25 mph", "name": "23rd Street", "oneway": false, "reversed": "False", "length": 80.870025921422922, "bridge": null, "access": null, "ref": null }, "geometry": { "type": "LineString", "coordinates": [ [ -73.920518, 40.775904 ], [ -73.9205908, 40.7758444 ], [ -73.9208421, 40.7756386 ], [ -73.92117, 40.77537 ] ] } },
{ "type": "Feature", "properties": { "u": 42818186, "v": 42887040, "key": 0, "osmid": "5708659", "highway": "residential", "lanes": null, "maxspeed": "25 mph", "name": "23rd Street", "oneway": false, "reversed": "True", "length": 82.429330103027567, "bridge": null, "access": null, "ref": null }, "geometry": { "type": "LineString", "coordinates": [ [ -73.920518, 40.775904 ], [ -73.9204381, 40.7759693 ], [ -73.9204011, 40.7759996 ], [ -73.9201567, 40.7761996 ], [ -73.9200262, 40.7763063 ], [ -73.919853, 40.776448 ] ] } },
{ "type": "Feature", "properties": { "u": 42818232, "v": 42841803, "key": 0, "osmid": "683931309", "highway": "secondary", "lanes": "3", "maxspeed": null, "name": "Astoria Boulevard North", "oneway": false, "reversed": "True", "length": 12.654513729606819, "bridge": null, "access": null, "ref": null }, "geometry": { "type": "LineString", "coordinates": [ [ -73.9115365, 40.7696022 ], [ -73.9113885, 40.7695825 ] ] } },
{ "type": "Feature", "properties": { "u": 42818232, "v": 597443933, "key": 0, "osmid": "683931309", "highway": "secondary", "lanes": "3", "maxspeed": null, "name": "Astoria Boulevard North", "oneway": false, "reversed": "False", "length": 78.453070020091886, "bridge": null, "access": null, "ref": null }, "geometry": { "type": "LineString", "coordinates": [ [ -73.9115365, 40.7696022 ], [ -73.9122369, 40.7696983 ], [ -73.9123524, 40.7697127 ], [ -73.9124529, 40.7697289 ] ] } },
{ "type": "Feature", "properties": { "u": 42818490, "v": 42872073, "key": 0, "osmid": "108305981", "highway": "residential", "lanes": null, "maxspeed": "20 mph", "name": "Newtown Avenue", "oneway": false, "reversed": "False", "length": 86.341535123395573, "bridge": null, "access": null, "ref": null }, "geometry": { "type": "LineString", "coordinates": [ [ -73.9236279, 40.7704322 ], [ -73.9235627, 40.7703766 ], [ -73.9230305, 40.7699206 ], [ -73.922948, 40.769851 ] ] } },
{ "type": "Feature", "properties": { "u": 42818490, "v": 42900309, "key": 0, "osmid": "220642948", "highway": "residential", "lanes": null, "maxspeed": "20 mph", "name": "Newtown Avenue", "oneway": false, "reversed": "True", "length": 141.20797233893714, "bridge": null, "access": null, "ref": null }, "geometry": { "type": "LineString", "coordinates": [ [ -73.9236279, 40.7704322 ], [ -73.9236963, 40.7704972 ], [ -73.9241621, 40.7708863 ], [ -73.9247258, 40.7713097 ], [ -73.9247803, 40.7713537 ] ] } },
{ "type": "Feature", "properties": { "u": 42820708, "v": 42887040, "key": 0, "osmid": "5708659", "highway": "residential", "lanes": null, "maxspeed": "25 mph", "name": "23rd Street", "oneway": false, "reversed": "False", "length": 73.692186930954335, "bridge": null, "access": null, "ref": null }, "geometry": { "type": "LineString", "coordinates": [ [ -73.919258, 40.776934 ], [ -73.919853, 40.776448 ] ] } },
{ "type": "Feature", "properties": { "u": 42820708, "v": 42920835, "key": 0, "osmid": "5708659", "highway": "residential", "lanes": null, "maxspeed": "25 mph", "name": "23rd Street", "oneway": false, "reversed": "True", "length": 76.18375488883018, "bridge": null, "access": null, "ref": null }, "geometry": { "type": "LineString", "coordinates": [ [ -73.919258, 40.776934 ], [ -73.9188373, 40.7772831 ], [ -73.918648, 40.77744 ] ] } },
{ "type": "Feature", "properties": { "u": 42824147, "v": 42866664, "key": 0, "osmid": "46740536", "highway": "residential", "lanes": null, "maxspeed": "25 mph", "name": "35th Street", "oneway": false, "reversed": "True", "length": 200.97945147855597, "bridge": null, "access": null, "ref": null }, "geometry": { "type": "LineString", "coordinates": [ [ -73.9240642, 40.758178 ], [ -73.9241162, 40.7581141 ], [ -73.9248502, 40.7571966 ], [ -73.9252534, 40.7567161 ], [ -73.9253159, 40.7566393 ] ] } },
{ "type": "Feature", "properties": { "u": 42824147, "v": 42866657, "key": 0, "osmid": "683931277", "highway": "residential", "lanes": null, "maxspeed": null, "name": "35th Street", "oneway": false, "reversed": "False", "length": 300.03523830703148, "bridge": null, "access": null, "ref": null }, "geometry": { "type": "LineString", "coordinates": [ [ -73.9240642, 40.758178 ], [ -73.9240051, 40.7582498 ], [ -73.9235107, 40.75886 ], [ -73.9229847, 40.7595083 ], [ -73.9226683, 40.7598983 ], [ -73.9226575, 40.7599115 ], [ -73.9222531, 40.7604044 ], [ -73.9221955, 40.7604752 ] ] } },
{ "type": "Feature", "properties": { "u": 42826008, "v": 42897243, "key": 0, "osmid": "420307979", "highway": "secondary", "lanes": "3", "maxspeed": "25 mph", "name": "Hoyt Avenue North", "oneway": false, "reversed": "True", "length": 122.56549738133617, "bridge": null, "access": null, "ref": null }, "geometry": { "type": "LineString", "coordinates": [ [ -73.9230165, 40.7753908 ], [ -73.9229626, 40.7752926 ], [ -73.9229276, 40.7752287 ], [ -73.9227948, 40.7750581 ], [ -73.9226579, 40.7748749 ], [ -73.9225603, 40.7747444 ], [ -73.9225159, 40.7746849 ], [ -73.9223767, 40.7744855 ], [ -73.9223308, 40.7744198 ] ] } },
{ "type": "Feature", "properties": { "u": 42826008, "v": 42812056, "key": 0, "osmid": [ 5706874, 1425419467, 5701447 ], "highway": [ "residential", "secondary" ], "lanes": [ "2", "3" ], "maxspeed": "25 mph", "name": [ "Hoyt Avenue North", "19th Street" ], "oneway": false, "reversed": "True", "length": 194.79166284570618, "bridge": null, "access": null, "ref": null }, "geometry": { "type": "LineString", "coordinates": [ [ -73.9230165, 40.7753908 ], [ -73.9230716, 40.7754943 ], [ -73.9233157, 40.7758963 ], [ -73.9237005, 40.7765079 ], [ -73.9237433, 40.776542 ], [ -73.9236663, 40.7766027 ], [ -73.923645, 40.7766194 ], [ -73.92331, 40.776883 ] ] } },
{ "type": "Feature", "properties": { "u": 42827945, "v": 42879492, "key": 0, "osmid": "5708199", "highway": "residential", "lanes": null, "maxspeed": null, "name": "Hazen Street", "oneway": false, "reversed": "False", "length": 102.26644428066653, "bridge": null, "access": null, "ref": null }, "geometry": { "type": "LineString", "coordinates": [ [ -73.8941858, 40.7727593 ], [ -73.8950101, 40.7720839 ] ] } },
{ "type": "Feature", "properties": { "u": 42827945, "v": 42846200, "key": 0, "osmid": "5708199", "highway": "residential", "lanes": null, "maxspeed": null, "name": "Hazen Street", "oneway": false, "reversed": "True", "length": 100.77167599305909, "bridge": null, "access": null, "ref": null }, "geometry": { "type": "LineString", "coordinates": [ [ -73.8941858, 40.7727593 ], [ -73.8933735, 40.7734248 ] ] } },
{ "type": "Feature", "properties": { "u": 42827962, "v": 42879504, "key": 0, "osmid": "198595453", "highway": "secondary", "lanes": "2", "maxspeed": "25 mph", "name": "Astoria Boulevard North", "oneway": false, "reversed": "False", "length": 79.579056131424494, "bridge": null, "access": null, "ref": null }, "geometry": { "type": "LineString", "coordinates": [ [ -73.8930935, 40.7667804 ], [ -73.8931933, 40.7667813 ], [ -73.8940384, 40.7667759 ] ] } },
{ "type": "Feature", "properties": { "u": 42827962, "v": 7680510035, "key": 0, "osmid": [ 1038773813, 198595453 ], "highway": "secondary", "lanes": [ "2", "3" ], "maxspeed": "25 mph", "name": "Astoria Boulevard North", "oneway": false, "reversed": "True", "length": 82.77535548573141, "bridge": null, "access": null, "ref": null }, "geometry": { "type": "LineString", "coordinates": [ [ -73.8930935, 40.7667804 ], [ -73.8929496, 40.7667785 ], [ -73.8928064, 40.7667703 ], [ -73.8926791, 40.7667599 ], [ -73.892554, 40.7667457 ], [ -73.8924705, 40.766733 ], [ -73.8921736, 40.7666877 ], [ -73.8921216, 40.7666808 ] ] } },
{ "type": "Feature", "properties": { "u": 42828378, "v": 42898265, "key": 0, "osmid": "108298537", "highway": "residential", "lanes": null, "maxspeed": "25 mph", "name": "23rd Street", "oneway": false, "reversed": "False", "length": 63.24212246883792, "bridge": null, "access": null, "ref": null }, "geometry": { "type": "LineString", "coordinates": [ [ -73.923148, 40.773464 ], [ -73.9231097, 40.773514 ], [ -73.9228434, 40.7738617 ], [ -73.9228376, 40.7738755 ], [ -73.9227995, 40.7739655 ] ] } },
{ "type": "Feature", "properties": { "u": 42828378, "v": 42920850, "key": 0, "osmid": "108298537", "highway": "residential", "lanes": null, "maxspeed": "25 mph", "name": "23rd Street", "oneway": false, "reversed": "True", "length": 216.99210482556913, "bridge": null, "access": null, "ref": null }, "geometry": { "type": "LineString", "coordinates": [ [ -73.923148, 40.773464 ], [ -73.9231726, 40.7734319 ], [ -73.9234008, 40.773134 ], [ -73.9234374, 40.7730862 ], [ -73.9238992, 40.7724833 ], [ -73.924376, 40.7718609 ], [ -73.924441, 40.771776 ] ] } },
{ "type": "Feature", "properties": { "u": 42832985, "v": 42866647, "key": 0, "osmid": "905190094", "highway": "residential", "lanes": null, "maxspeed": "20 mph", "name": "35th Street", "oneway": false, "reversed": "False", "length": 327.72256058733029, "bridge": null, "access": null, "ref": null }, "geometry": { "type": "LineString", "coordinates": [ [ -73.9169009, 40.7669894 ], [ -73.916848, 40.7670594 ], [ -73.9149373, 40.7694083 ], [ -73.9148573, 40.7694974 ] ] } },
{ "type": "Feature", "properties": { "u": 42832985, "v": 42866652, "key": 0, "osmid": "905190094", "highway": "residential", "lanes": null, "maxspeed": "20 mph", "name": "35th Street", "oneway": false, "reversed": "True", "length": 206.79440623036027, "bridge": null, "access": null, "ref": null }, "geometry": { "type": "LineString", "coordinates": [ [ -73.9169009, 40.7669894 ], [ -73.9169495, 40.7669251 ], [ -73.9181352, 40.7654737 ], [ -73.91819, 40.7654066 ] ] } },
{ "type": "Feature", "properties": { "u": 42833248, "v": 42817383, "key": 0, "osmid": "108305981", "highway": "residential", "lanes": null, "maxspeed": "20 mph", "name": "Newtown Avenue", "oneway": false, "reversed": "True", "length": 33.668444082646673, "bridge": null, "access": null, "ref": null }, "geometry": { "type": "LineString", "coordinates": [ [ -73.9221663, 40.7691837 ], [ -73.9222333, 40.769235 ], [ -73.922379, 40.7693626 ], [ -73.9224342, 40.7694083 ] ] } },
{ "type": "Feature", "properties": { "u": 42833248, "v": 42900319, "key": 0, "osmid": "220642955", "highway": "residential", "lanes": null, "maxspeed": "20 mph", "name": "Newtown Avenue", "oneway": false, "reversed": "True", "length": 118.34206932055227, "bridge": null, "access": null, "ref": null }, "geometry": { "type": "LineString", "coordinates": [ [ -73.9221663, 40.7691837 ], [ -73.9221119, 40.7691433 ], [ -73.9212768, 40.7684416 ], [ -73.9212431, 40.7683852 ] ] } },
{ "type": "Feature", "properties": { "u": 42833276, "v": 42817462, "key": 0, "osmid": "46140174", "highway": "secondary", "lanes": "3", "maxspeed": "25 mph", "name": "Hoyt Avenue North", "oneway": false, "reversed": "False", "length": 79.520726725177838, "bridge": null, "access": null, "ref": null }, "geometry": { "type": "LineString", "coordinates": [ [ -73.9182483, 40.7714694 ], [ -73.918408, 40.7716267 ], [ -73.9188911, 40.7719916 ] ] } },
{ "type": "Feature", "properties": { "u": 42833276, "v": 5104280319, "key": 0, "osmid": [ 421845656, 46139826 ], "highway": "secondary", "lanes": "5", "maxspeed": "25 mph", "name": "Hoyt Avenue North", "oneway": false, "reversed": "True", "length": 64.817846107992665, "bridge": null, "access": null, "ref": null }, "geometry": { "type": "LineString", "coordinates": [ [ -73.9182483, 40.7714694 ], [ -73.9180103, 40.7713145 ], [ -73.9176789, 40.7710774 ] ] } },
{ "type": "Feature", "properties": { "u": 42833984, "v": 42851754, "key": 0, "osmid": "198595535", "highway": "tertiary", "lanes": "2", "maxspeed": "25 mph", "name": "19th Avenue", "oneway": false, "reversed": "False", "length": 33.859074122006753, "bridge": null, "access": null, "ref": null }, "geometry": { "type": "LineString", "coordinates": [ [ -73.8906824, 40.7733155 ], [ -73.8902958, 40.7732318 ] ] } },
{ "type": "Feature", "properties": { "u": 42833984, "v": 2087152420, "key": 0, "osmid": "198595535", "highway": "tertiary", "lanes": "2", "maxspeed": "25 mph", "name": "19th Avenue", "oneway": false, "reversed": "True", "length": 58.932146984395054, "bridge": null, "access": null, "ref": null }, "geometry": { "type": "LineString", "coordinates": [ [ -73.8906824, 40.7733155 ], [ -73.8913561, 40.773459 ] ] } },
{ "type": "Feature", "properties": { "u": 42839110, "v": 3778381087, "key": 0, "osmid": "46869144", "highway": "residential", "lanes": "2", "maxspeed": null, "name": "Hazen Street", "oneway": false, "reversed": "False", "length": 91.505039837347582, "bridge": null, "access": null, "ref": null }, "geometry": { "type": "LineString", "coordinates": [ [ -73.8966526, 40.7707387 ], [ -73.8973, 40.7702105 ], [ -73.8973903, 40.7701345 ] ] } },
{ "type": "Feature", "properties": { "u": 42839110, "v": 42915908, "key": 0, "osmid": "46869144", "highway": "residential", "lanes": "2", "maxspeed": null, "name": "Hazen Street", "oneway": false, "reversed": "True", "length": 69.62118922578442, "bridge": null, "access": null, "ref": null }, "geometry": { "type": "LineString", "coordinates": [ [ -73.8966526, 40.7707387 ], [ -73.8961548, 40.7711464 ], [ -73.8960913, 40.7711984 ] ] } },
{ "type": "Feature", "properties": { "u": 42839122, "v": 106134113, "key": 0, "osmid": "198595453", "highway": "secondary", "lanes": "2", "maxspeed": "25 mph", "name": "Astoria Boulevard North", "oneway": false, "reversed": "False", "length": 83.639467806582232, "bridge": null, "access": null, "ref": null }, "geometry": { "type": "LineString", "coordinates": [ [ -73.8959591, 40.7668979 ], [ -73.8969308, 40.7670534 ] ] } },
{ "type": "Feature", "properties": { "u": 42839122, "v": 42910642, "key": 0, "osmid": "198595453", "highway": "secondary", "lanes": "2", "maxspeed": "25 mph", "name": "Astoria Boulevard North", "oneway": false, "reversed": "True", "length": 82.991112455629519, "bridge": null, "access": null, "ref": null }, "geometry": { "type": "LineString", "coordinates": [ [ -73.8959591, 40.7668979 ], [ -73.8957123, 40.7668565 ], [ -73.8955924, 40.7668382 ], [ -73.8955018, 40.7668244 ], [ -73.8953605, 40.7668083 ], [ -73.8952251, 40.7667951 ], [ -73.8950973, 40.7667847 ], [ -73.8949876, 40.7667785 ] ] } },
{ "type": "Feature", "properties": { "u": 42841803, "v": 42818232, "key": 0, "osmid": "683931309", "highway": "secondary", "lanes": "3", "maxspeed": null, "name": "Astoria Boulevard North", "oneway": false, "reversed": "False", "length": 12.654513729606819, "bridge": null, "access": null, "ref": null }, "geometry": { "type": "LineString", "coordinates": [ [ -73.9113885, 40.7695825 ], [ -73.9115365, 40.7696022 ] ] } },
{ "type": "Feature", "properties": { "u": 42841803, "v": 42910587, "key": 0, "osmid": "683931309", "highway": "secondary", "lanes": "3", "maxspeed": null, "name": "Astoria Boulevard North", "oneway": false, "reversed": "True", "length": 96.559596609614587, "bridge": null, "access": null, "ref": null }, "geometry": { "type": "LineString", "coordinates": [ [ -73.9113885, 40.7695825 ], [ -73.911118, 40.769545 ], [ -73.9107001, 40.7694826 ], [ -73.9103943, 40.7694344 ], [ -73.9102637, 40.7694141 ] ] } },
{ "type": "Feature", "properties": { "u": 42846200, "v": 42827945, "key": 0, "osmid": "5708199", "highway": "residential", "lanes": null, "maxspeed": null, "name": "Hazen Street", "oneway": false, "reversed": "False", "length": 100.77167599305909, "bridge": null, "access": null, "ref": null }, "geometry": { "type": "LineString", "coordinates": [ [ -73.8933735, 40.7734248 ], [ -73.8941858, 40.7727593 ] ] } },
{ "type": "Feature", "properties": { "u": 42846200, "v": 42850698, "key": 0, "osmid": [ 897679037, 5708199 ], "highway": "residential", "lanes": null, "maxspeed": null, "name": "Hazen Street", "oneway": false, "reversed": "True", "length": 57.85913563100074, "bridge": null, "access": null, "ref": null }, "geometry": { "type": "LineString", "coordinates": [ [ -73.8933735, 40.7734248 ], [ -73.8933016, 40.7734837 ], [ -73.8930285, 40.7737075 ], [ -73.8929808, 40.7737466 ], [ -73.8929071, 40.7738069 ] ] } },
{ "type": "Feature", "properties": { "u": 42846760, "v": 42895454, "key": 0, "osmid": "198595453", "highway": "secondary", "lanes": "2", "maxspeed": "25 mph", "name": "Astoria Boulevard North", "oneway": false, "reversed": "True", "length": 84.554959272222064, "bridge": null, "access": null, "ref": null }, "geometry": { "type": "LineString", "coordinates": [ [ -73.8988913, 40.7673081 ], [ -73.8987108, 40.7672775 ], [ -73.8985206, 40.7672517 ], [ -73.8982959, 40.7672235 ], [ -73.8980806, 40.7671984 ], [ -73.8979021, 40.7671795 ] ] } },
{ "type": "Feature", "properties": { "u": 42846760, "v": 42910631, "key": 0, "osmid": "1134690190", "highway": "secondary", "lanes": "3", "maxspeed": "25 mph", "name": "Astoria Boulevard North", "oneway": false, "reversed": "False", "length": 139.53053387456256, "bridge": null, "access": null, "ref": null }, "geometry": { "type": "LineString", "coordinates": [ [ -73.8988913, 40.7673081 ], [ -73.8990757, 40.7673403 ], [ -73.8993732, 40.7673922 ], [ -73.8994127, 40.7673984 ], [ -73.9005113, 40.7675709 ] ] } },
{ "type": "Feature", "properties": { "u": 42849703, "v": 5104280319, "key": 0, "osmid": "46139826", "highway": "secondary", "lanes": "5", "maxspeed": "25 mph", "name": "Hoyt Avenue North", "oneway": false, "reversed": "False", "length": 46.021877650632547, "bridge": null, "access": null, "ref": null }, "geometry": { "type": "LineString", "coordinates": [ [ -73.91724, 40.7708318 ], [ -73.9173389, 40.7708937 ], [ -73.9174117, 40.7709414 ], [ -73.9176789, 40.7710774 ] ] } },
{ "type": "Feature", "properties": { "u": 42849703, "v": 42905185, "key": 0, "osmid": [ 993553213, 421845655 ], "highway": "secondary", "lanes": "3", "maxspeed": "25 mph", "name": "Astoria Boulevard North", "oneway": false, "reversed": "True", "length": 73.635326457509763, "bridge": null, "access": null, "ref": null }, "geometry": { "type": "LineString", "coordinates": [ [ -73.91724, 40.7708318 ], [ -73.9170464, 40.770712 ], [ -73.916951, 40.7706509 ], [ -73.9168538, 40.7705943 ], [ -73.9167553, 40.7705376 ], [ -73.916647, 40.7704836 ], [ -73.9165405, 40.7704363 ] ] } },
{ "type": "Feature", "properties": { "u": 42849719, "v": 42900319, "key": 0, "osmid": "220642952", "highway": "residential", "lanes": null, "maxspeed": "20 mph", "name": "Newtown Avenue", "oneway": false, "reversed": "False", "length": 89.067001006028676, "bridge": null, "access": null, "ref": null }, "geometry": { "type": "LineString", "coordinates": [ [ -73.9207885, 40.7676626 ], [ -73.9208634, 40.7677761 ], [ -73.9212143, 40.7683199 ], [ -73.9212431, 40.7683852 ] ] } },
{ "type": "Feature", "properties": { "u": 42849719, "v": 42900323, "key": 0, "osmid": "830005443", "highway": "residential", "lanes": null, "maxspeed": "20 mph", "name": "Newtown Avenue", "oneway": false, "reversed": "True", "length": 95.208098272086062, "bridge": null, "access": null, "ref": null }, "geometry": { "type": "LineString", "coordinates": [ [ -73.9207885, 40.7676626 ], [ -73.9207151, 40.767553 ], [ -73.9203016, 40.7668899 ] ] } },
{ "type": "Feature", "properties": { "u": 42849908, "v": 42874596, "key": 0, "osmid": "5708659", "highway": "residential", "lanes": null, "maxspeed": "25 mph", "name": "23rd Street", "oneway": false, "reversed": "False", "length": 150.95863490521043, "bridge": null, "access": null, "ref": null }, "geometry": { "type": "LineString", "coordinates": [ [ -73.9146044, 40.7807459 ], [ -73.9157546, 40.7798018 ], [ -73.91582, 40.779748 ] ] } },
{ "type": "Feature", "properties": { "u": 42849908, "v": 42908871, "key": 0, "osmid": "5708659", "highway": "residential", "lanes": null, "maxspeed": "25 mph", "name": "23rd Street", "oneway": false, "reversed": "True", "length": 126.57678322139512, "bridge": null, "access": null, "ref": null }, "geometry": { "type": "LineString", "coordinates": [ [ -73.9146044, 40.7807459 ], [ -73.9141762, 40.7810956 ], [ -73.9139181, 40.7813064 ], [ -73.9136572, 40.7815231 ], [ -73.9135851, 40.7815826 ] ] } },
{ "type": "Feature", "properties": { "u": 42850472, "v": 42810910, "key": 0, "osmid": "5708659", "highway": "residential", "lanes": null, "maxspeed": "25 mph", "name": "23rd Street", "oneway": false, "reversed": "True", "length": 97.84462653400837, "bridge": null, "access": null, "ref": null }, "geometry": { "type": "LineString", "coordinates": [ [ -73.917255, 40.778574 ], [ -73.9164677, 40.7792212 ] ] } },
{ "type": "Feature", "properties": { "u": 42850472, "v": 42877816, "key": 0, "osmid": "5708659", "highway": "residential", "lanes": null, "maxspeed": "25 mph", "name": "23rd Street", "oneway": false, "reversed": "False", "length": 90.389342050560089, "bridge": null, "access": null, "ref": null }, "geometry": { "type": "LineString", "coordinates": [ [ -73.917255, 40.778574 ], [ -73.917624, 40.7782727 ], [ -73.9176508, 40.7782508 ], [ -73.9177964, 40.7781319 ], [ -73.9179153, 40.7780349 ], [ -73.917985, 40.777978 ] ] } },
{ "type": "Feature", "properties": { "u": 42850698, "v": 2087152420, "key": 0, "osmid": "198595535", "highway": "tertiary", "lanes": "2", "maxspeed": "25 mph", "name": "19th Avenue", "oneway": false, "reversed": "False", "length": 136.2147238593339, "bridge": null, "access": null, "ref": null }, "geometry": { "type": "LineString", "coordinates": [ [ -73.8929071, 40.7738069 ], [ -73.892795, 40.7737822 ], [ -73.8913561, 40.773459 ] ] } },
{ "type": "Feature", "properties": { "u": 42850698, "v": 42846200, "key": 0, "osmid": [ 897679037, 5708199 ], "highway": "residential", "lanes": null, "maxspeed": null, "name": "Hazen Street", "oneway": false, "reversed": "False", "length": 57.859135631000733, "bridge": null, "access": null, "ref": null }, "geometry": { "type": "LineString", "coordinates": [ [ -73.8929071, 40.7738069 ], [ -73.8929808, 40.7737466 ], [ -73.8930285, 40.7737075 ], [ -73.8933016, 40.7734837 ], [ -73.8933735, 40.7734248 ] ] } },
{ "type": "Feature", "properties": { "u": 42851754, "v": 42833984, "key": 0, "osmid": "198595535", "highway": "tertiary", "lanes": "2", "maxspeed": "25 mph", "name": "19th Avenue", "oneway": false, "reversed": "True", "length": 33.859074122006753, "bridge": null, "access": null, "ref": null }, "geometry": { "type": "LineString", "coordinates": [ [ -73.8902958, 40.7732318 ], [ -73.8906824, 40.7733155 ] ] } },
{ "type": "Feature", "properties": { "u": 42851754, "v": 42851758, "key": 0, "osmid": "1425407709", "highway": "tertiary", "lanes": "3", "maxspeed": "25 mph", "name": "19th Avenue", "oneway": false, "reversed": "False", "length": 62.582156623574967, "bridge": null, "access": null, "ref": null }, "geometry": { "type": "LineString", "coordinates": [ [ -73.8902958, 40.7732318 ], [ -73.8895787, 40.773084 ] ] } },
{ "type": "Feature", "properties": { "u": 42851758, "v": 42851754, "key": 0, "osmid": "1425407709", "highway": "tertiary", "lanes": "3", "maxspeed": "25 mph", "name": "19th Avenue", "oneway": false, "reversed": "True", "length": 62.582156623574967, "bridge": null, "access": null, "ref": null }, "geometry": { "type": "LineString", "coordinates": [ [ -73.8895787, 40.773084 ], [ -73.8902958, 40.7732318 ] ] } },
{ "type": "Feature", "properties": { "u": 42851758, "v": 42908969, "key": 0, "osmid": "5707735", "highway": "tertiary", "lanes": null, "maxspeed": null, "name": "81st Street", "oneway": false, "reversed": "False", "length": 247.20225558111321, "bridge": null, "access": null, "ref": null }, "geometry": { "type": "LineString", "coordinates": [ [ -73.8895787, 40.773084 ], [ -73.8895025, 40.7730186 ], [ -73.8894663, 40.7729765 ], [ -73.8894419, 40.7729455 ], [ -73.889421, 40.7728931 ], [ -73.8891083, 40.7710079 ], [ -73.8890927, 40.7709138 ] ] } },
{ "type": "Feature", "properties": { "u": 42856527, "v": 42882974, "key": 0, "osmid": "683931282", "highway": "residential", "lanes": null, "maxspeed": null, "name": "32nd Street", "oneway": false, "reversed": "False", "length": 308.70771437225955, "bridge": null, "access": null, "ref": null }, "geometry": { "type": "LineString", "coordinates": [ [ -73.9226715, 40.7639664 ], [ -73.9227303, 40.7638923 ], [ -73.9241243, 40.7621612 ], [ -73.9242074, 40.762058 ], [ -73.9245251, 40.7616688 ], [ -73.9245807, 40.7615965 ] ] } },
{ "type": "Feature", "properties": { "u": 42856527, "v": 42874056, "key": 0, "osmid": "683931282", "highway": "residential", "lanes": null, "maxspeed": null, "name": "32nd Street", "oneway": false, "reversed": "True", "length": 333.70395466658636, "bridge": null, "access": null, "ref": null }, "geometry": { "type": "LineString", "coordinates": [ [ -73.9226715, 40.7639664 ], [ -73.9226076, 40.7640423 ], [ -73.9212296, 40.7657493 ], [ -73.9206535, 40.7664618 ], [ -73.920602, 40.7665256 ] ] } },
{ "type": "Feature", "properties": { "u": 42856544, "v": 42866652, "key": 0, "osmid": "226829111", "highway": "residential", "lanes": null, "maxspeed": null, "name": "35th Street", "oneway": false, "reversed": "False", "length": 337.04557929265746, "bridge": null, "access": null, "ref": null }, "geometry": { "type": "LineString", "coordinates": [ [ -73.9202848, 40.7628239 ], [ -73.9202207, 40.7629018 ], [ -73.9198535, 40.7633551 ], [ -73.9196281, 40.7636335 ], [ -73.9188428, 40.7646018 ], [ -73.9186707, 40.7648141 ], [ -73.9184454, 40.7650918 ], [ -73.9182514, 40.7653312 ], [ -73.91819, 40.7654066 ] ] } },
{ "type": "Feature", "properties": { "u": 42856544, "v": 42866657, "key": 0, "osmid": "226829111", "highway": "residential", "lanes": null, "maxspeed": null, "name": "35th Street", "oneway": false, "reversed": "True", "length": 306.76376532583993, "bridge": null, "access": null, "ref": null }, "geometry": { "type": "LineString", "coordinates": [ [ -73.9202848, 40.7628239 ], [ -73.9203309, 40.7627656 ], [ -73.9205295, 40.7625249 ], [ -73.9221327, 40.7605524 ], [ -73.9221955, 40.7604752 ] ] } },
{ "type": "Feature", "properties": { "u": 42860019, "v": 42800986, "key": 0, "osmid": "1134690190", "highway": "secondary", "lanes": "3", "maxspeed": "25 mph", "name": "Astoria Boulevard North", "oneway": false, "reversed": "False", "length": 97.79259983552565, "bridge": null, "access": null, "ref": null }, "geometry": { "type": "LineString", "coordinates": [ [ -73.9027256, 40.767926 ], [ -73.9033642, 40.7680269 ], [ -73.90348, 40.7680452 ], [ -73.9035873, 40.768065 ], [ -73.9036977, 40.7680899 ], [ -73.9037599, 40.768103 ], [ -73.9038558, 40.7681255 ] ] } },
{ "type": "Feature", "properties": { "u": 42860019, "v": 42807758, "key": 0, "osmid": "1134690190", "highway": "secondary", "lanes": "3", "maxspeed": "25 mph", "name": "Astoria Boulevard North", "oneway": false, "reversed": "True", "length": 94.076633125530634, "bridge": null, "access": null, "ref": null }, "geometry": { "type": "LineString", "coordinates": [ [ -73.9027256, 40.767926 ], [ -73.9019054, 40.7677981 ], [ -73.90174, 40.7677723 ], [ -73.9016319, 40.7677538 ] ] } },
{ "type": "Feature", "properties": { "u": 42861235, "v": 42897243, "key": 0, "osmid": [ 963603329, 963603330 ], "highway": "secondary", "lanes": [ "2", "3" ], "maxspeed": "25 mph", "name": "Hoyt Avenue North", "oneway": false, "reversed": "False", "length": 78.732502487240325, "bridge": null, "access": null, "ref": null }, "geometry": { "type": "LineString", "coordinates": [ [ -73.921656, 40.773931 ], [ -73.9217202, 40.7739739 ], [ -73.9220307, 40.7741838 ], [ -73.9222878, 40.7743775 ], [ -73.9223308, 40.7744198 ] ] } },
{ "type": "Feature", "properties": { "u": 42861235, "v": 42808162, "key": 0, "osmid": "963603330", "highway": "secondary", "lanes": "2", "maxspeed": "25 mph", "name": "Hoyt Avenue North", "oneway": false, "reversed": "True", "length": 79.899399617966651, "bridge": null, "access": null, "ref": null }, "geometry": { "type": "LineString", "coordinates": [ [ -73.921656, 40.773931 ], [ -73.9215989, 40.7738908 ], [ -73.9211523, 40.7735754 ], [ -73.9210301, 40.7734891 ], [ -73.920962, 40.773441 ] ] } },
{ "type": "Feature", "properties": { "u": 42864880, "v": 42899921, "key": 0, "osmid": "241364267", "highway": "secondary", "lanes": "2", "maxspeed": null, "name": "Grand Central Parkway", "oneway": false, "reversed": "False", "length": 79.129697404032029, "bridge": null, "access": null, "ref": null }, "geometry": { "type": "LineString", "coordinates": [ [ -73.8893189, 40.7668585 ], [ -73.8902342, 40.7666977 ] ] } },
{ "type": "Feature", "properties": { "u": 42864880, "v": 42909624, "key": 0, "osmid": "241364267", "highway": "secondary", "lanes": "2", "maxspeed": null, "name": "Grand Central Parkway", "oneway": false, "reversed": "True", "length": 80.216289683389718, "bridge": null, "access": null, "ref": null }, "geometry": { "type": "LineString", "coordinates": [ [ -73.8893189, 40.7668585 ], [ -73.888402, 40.7670539 ] ] } },
{ "type": "Feature", "properties": { "u": 42865836, "v": 3778745484, "key": 0, "osmid": [ 159229976, 5707799 ], "highway": "secondary", "lanes": [ "2", "3" ], "maxspeed": "25 mph", "name": "Astoria Boulevard North", "oneway": false, "reversed": "True", "length": 112.5027981039682, "bridge": null, "access": null, "ref": null }, "geometry": { "type": "LineString", "coordinates": [ [ -73.9069064, 40.7688848 ], [ -73.9067815, 40.7688645 ], [ -73.906551, 40.7688294 ], [ -73.9062277, 40.7687801 ], [ -73.9060436, 40.768752 ], [ -73.9055937, 40.7686982 ] ] } },
{ "type": "Feature", "properties": { "u": 42865836, "v": 42910603, "key": 0, "osmid": "822073481", "highway": "secondary", "lanes": "3", "maxspeed": null, "name": "Astoria Boulevard North", "oneway": false, "reversed": "False", "length": 94.711525091410948, "bridge": null, "access": null, "ref": null }, "geometry": { "type": "LineString", "coordinates": [ [ -73.9069064, 40.7688848 ], [ -73.9070279, 40.7689049 ], [ -73.9073059, 40.7689481 ], [ -73.9080078, 40.7690571 ] ] } },
{ "type": "Feature", "properties": { "u": 42866632, "v": 42897727, "key": 0, "osmid": "850605624", "highway": "secondary", "lanes": "2", "maxspeed": "25 mph", "name": "Astoria Boulevard North", "oneway": false, "reversed": "False", "length": 122.18649775903127, "bridge": null, "access": null, "ref": null }, "geometry": { "type": "LineString", "coordinates": [ [ -73.9144077, 40.7700472 ], [ -73.914484, 40.7700631 ], [ -73.9153131, 40.7701946 ], [ -73.9156403, 40.7702458 ], [ -73.9158287, 40.7702677 ] ] } },
{ "type": "Feature", "properties": { "u": 42866632, "v": 7659362778, "key": 0, "osmid": "850605625", "highway": "secondary", "lanes": "3", "maxspeed": null, "name": "Astoria Boulevard North", "oneway": false, "reversed": "True", "length": 83.160834781140608, "bridge": null, "access": null, "ref": null }, "geometry": { "type": "LineString", "coordinates": [ [ -73.9144077, 40.7700472 ], [ -73.9143224, 40.7700291 ], [ -73.9142424, 40.7700126 ], [ -73.9134445, 40.7698831 ] ] } },
{ "type": "Feature", "properties": { "u": 42866647, "v": 7746623259, "key": 0, "osmid": "226829043", "highway": "secondary", "lanes": null, "maxspeed": null, "name": "Astoria Boulevard South", "oneway": false, "reversed": "False", "length": 83.278634479179786, "bridge": null, "access": null, "ref": null }, "geometry": { "type": "LineString", "coordinates": [ [ -73.9148573, 40.7694974 ], [ -73.9147715, 40.7694848 ], [ -73.9138905, 40.76934 ] ] } },
{ "type": "Feature", "properties": { "u": 42866647, "v": 42832985, "key": 0, "osmid": "905190094", "highway": "residential", "lanes": null, "maxspeed": "20 mph", "name": "35th Street", "oneway": false, "reversed": "True", "length": 327.72256058733029, "bridge": null, "access": null, "ref": null }, "geometry": { "type": "LineString", "coordinates": [ [ -73.9148573, 40.7694974 ], [ -73.9149373, 40.7694083 ], [ -73.916848, 40.7670594 ], [ -73.9169009, 40.7669894 ] ] } },
{ "type": "Feature", "properties": { "u": 42866652, "v": 42856544, "key": 0, "osmid": "226829111", "highway": "residential", "lanes": null, "maxspeed": null, "name": "35th Street", "oneway": false, "reversed": "True", "length": 337.04557929265752, "bridge": null, "access": null, "ref": null }, "geometry": { "type": "LineString", "coordinates": [ [ -73.91819, 40.7654066 ], [ -73.9182514, 40.7653312 ], [ -73.9184454, 40.7650918 ], [ -73.9186707, 40.7648141 ], [ -73.9188428, 40.7646018 ], [ -73.9196281, 40.7636335 ], [ -73.9198535, 40.7633551 ], [ -73.9202207, 40.7629018 ], [ -73.9202848, 40.7628239 ] ] } },
{ "type": "Feature", "properties": { "u": 42866652, "v": 42832985, "key": 0, "osmid": "905190094", "highway": "residential", "lanes": null, "maxspeed": "20 mph", "name": "35th Street", "oneway": false, "reversed": "False", "length": 206.79440623036027, "bridge": null, "access": null, "ref": null }, "geometry": { "type": "LineString", "coordinates": [ [ -73.91819, 40.7654066 ], [ -73.9181352, 40.7654737 ], [ -73.9169495, 40.7669251 ], [ -73.9169009, 40.7669894 ] ] } },
{ "type": "Feature", "properties": { "u": 42866657, "v": 42856544, "key": 0, "osmid": "226829111", "highway": "residential", "lanes": null, "maxspeed": null, "name": "35th Street", "oneway": false, "reversed": "False", "length": 306.76376532583993, "bridge": null, "access": null, "ref": null }, "geometry": { "type": "LineString", "coordinates": [ [ -73.9221955, 40.7604752 ], [ -73.9221327, 40.7605524 ], [ -73.9205295, 40.7625249 ], [ -73.9203309, 40.7627656 ], [ -73.9202848, 40.7628239 ] ] } },
{ "type": "Feature", "properties": { "u": 42866657, "v": 42824147, "key": 0, "osmid": "683931277", "highway": "residential", "lanes": null, "maxspeed": null, "name": "35th Street", "oneway": false, "reversed": "True", "length": 300.03523830703148, "bridge": null, "access": null, "ref": null }, "geometry": { "type": "LineString", "coordinates": [ [ -73.9221955, 40.7604752 ], [ -73.9222531, 40.7604044 ], [ -73.9226575, 40.7599115 ], [ -73.9226683, 40.7598983 ], [ -73.9229847, 40.7595083 ], [ -73.9235107, 40.75886 ], [ -73.9240051, 40.7582498 ], [ -73.9240642, 40.758178 ] ] } },
{ "type": "Feature", "properties": { "u": 42866664, "v": 42824147, "key": 0, "osmid": "46740536", "highway": "residential", "lanes": null, "maxspeed": "25 mph", "name": "35th Street", "oneway": false, "reversed": "False", "length": 200.97945147855597, "bridge": null, "access": null, "ref": null }, "geometry": { "type": "LineString", "coordinates": [ [ -73.9253159, 40.7566393 ], [ -73.9252534, 40.7567161 ], [ -73.9248502, 40.7571966 ], [ -73.9241162, 40.7581141 ], [ -73.9240642, 40.758178 ] ] } },
{ "type": "Feature", "properties": { "u": 42866664, "v": 42866667, "key": 0, "osmid": "46740536", "highway": "residential", "lanes": null, "maxspeed": "25 mph", "name": "35th Street", "oneway": false, "reversed": "True", "length": 201.30577574909097, "bridge": null, "access": null, "ref": null }, "geometry": { "type": "LineString", "coordinates": [ [ -73.9253159, 40.7566393 ], [ -73.9253692, 40.756574 ], [ -73.9265144, 40.7551658 ], [ -73.9265696, 40.755098 ] ] } },
{ "type": "Feature", "properties": { "u": 42866667, "v": 42866664, "key": 0, "osmid": "46740536", "highway": "residential", "lanes": null, "maxspeed": "25 mph", "name": "35th Street", "oneway": false, "reversed": "False", "length": 201.30577574909097, "bridge": null, "access": null, "ref": null }, "geometry": { "type": "LineString", "coordinates": [ [ -73.9265696, 40.755098 ], [ -73.9265144, 40.7551658 ], [ -73.9253692, 40.756574 ], [ -73.9253159, 40.7566393 ] ] } },
{ "type": "Feature", "properties": { "u": 42872073, "v": 42817383, "key": 0, "osmid": "108305981", "highway": "residential", "lanes": null, "maxspeed": "20 mph", "name": "Newtown Avenue", "oneway": false, "reversed": "False", "length": 65.539027149030915, "bridge": null, "access": null, "ref": null }, "geometry": { "type": "LineString", "coordinates": [ [ -73.922948, 40.769851 ], [ -73.9227275, 40.769661 ], [ -73.9224824, 40.7694498 ], [ -73.9224342, 40.7694083 ] ] } },
{ "type": "Feature", "properties": { "u": 42872073, "v": 42818490, "key": 0, "osmid": "108305981", "highway": "residential", "lanes": null, "maxspeed": "20 mph", "name": "Newtown Avenue", "oneway": false, "reversed": "True", "length": 86.341535123395573, "bridge": null, "access": null, "ref": null }, "geometry": { "type": "LineString", "coordinates": [ [ -73.922948, 40.769851 ], [ -73.9230305, 40.7699206 ], [ -73.9235627, 40.7703766 ], [ -73.9236279, 40.7704322 ] ] } },
{ "type": "Feature", "properties": { "u": 42874056, "v": 42900323, "key": 0, "osmid": "5707444", "highway": "residential", "lanes": null, "maxspeed": "20 mph", "name": "32nd Street", "oneway": false, "reversed": "False", "length": 47.759552059613682, "bridge": null, "access": null, "ref": null }, "geometry": { "type": "LineString", "coordinates": [ [ -73.920602, 40.7665256 ], [ -73.9205428, 40.7665974 ], [ -73.920392, 40.7667801 ], [ -73.9203606, 40.7668175 ], [ -73.9203016, 40.7668899 ] ] } },
{ "type": "Feature", "properties": { "u": 42874056, "v": 42856527, "key": 0, "osmid": "683931282", "highway": "residential", "lanes": null, "maxspeed": null, "name": "32nd Street", "oneway": false, "reversed": "False", "length": 333.7039546665863, "bridge": null, "access": null, "ref": null }, "geometry": { "type": "LineString", "coordinates": [ [ -73.920602, 40.7665256 ], [ -73.9206535, 40.7664618 ], [ -73.9212296, 40.7657493 ], [ -73.9226076, 40.7640423 ], [ -73.9226715, 40.7639664 ] ] } },
{ "type": "Feature", "properties": { "u": 42874596, "v": 42810910, "key": 0, "osmid": "5708659", "highway": "residential", "lanes": null, "maxspeed": "25 mph", "name": "23rd Street", "oneway": false, "reversed": "False", "length": 80.034710427375217, "bridge": null, "access": null, "ref": null }, "geometry": { "type": "LineString", "coordinates": [ [ -73.91582, 40.779748 ], [ -73.9158863, 40.7796942 ], [ -73.9164677, 40.7792212 ] ] } },
{ "type": "Feature", "properties": { "u": 42874596, "v": 42849908, "key": 0, "osmid": "5708659", "highway": "residential", "lanes": null, "maxspeed": "25 mph", "name": "23rd Street", "oneway": false, "reversed": "True", "length": 150.95863490521043, "bridge": null, "access": null, "ref": null }, "geometry": { "type": "LineString", "coordinates": [ [ -73.91582, 40.779748 ], [ -73.9157546, 40.7798018 ], [ -73.9146044, 40.7807459 ] ] } },
{ "type": "Feature", "properties": { "u": 42874655, "v": 42910631, "key": 0, "osmid": "46869144", "highway": "residential", "lanes": "2", "maxspeed": null, "name": "Hazen Street", "oneway": false, "reversed": "False", "length": 111.37020871590639, "bridge": null, "access": null, "ref": null }, "geometry": { "type": "LineString", "coordinates": [ [ -73.8996187, 40.7683094 ], [ -73.8997024, 40.768241 ], [ -73.9004002, 40.7676768 ], [ -73.900439, 40.7676395 ], [ -73.9005113, 40.7675709 ] ] } },
{ "type": "Feature", "properties": { "u": 42874655, "v": 42895450, "key": 0, "osmid": "46869144", "highway": "residential", "lanes": "2", "maxspeed": null, "name": "Hazen Street", "oneway": false, "reversed": "True", "length": 162.65675191181032, "bridge": null, "access": null, "ref": null }, "geometry": { "type": "LineString", "coordinates": [ [ -73.8996187, 40.7683094 ], [ -73.8995364, 40.7683773 ], [ -73.8993263, 40.768553 ], [ -73.8983074, 40.7693834 ] ] } },
{ "type": "Feature", "properties": { "u": 42877816, "v": 42920835, "key": 0, "osmid": "5708659", "highway": "residential", "lanes": null, "maxspeed": "25 mph", "name": "23rd Street", "oneway": false, "reversed": "False", "length": 81.825111574401177, "bridge": null, "access": null, "ref": null }, "geometry": { "type": "LineString", "coordinates": [ [ -73.917985, 40.777978 ], [ -73.9180513, 40.7779242 ], [ -73.9183215, 40.777705 ], [ -73.918648, 40.77744 ] ] } },
{ "type": "Feature", "properties": { "u": 42877816, "v": 42850472, "key": 0, "osmid": "5708659", "highway": "residential", "lanes": null, "maxspeed": "25 mph", "name": "23rd Street", "oneway": false, "reversed": "True", "length": 90.389342050560089, "bridge": null, "access": null, "ref": null }, "geometry": { "type": "LineString", "coordinates": [ [ -73.917985, 40.777978 ], [ -73.9179153, 40.7780349 ], [ -73.9177964, 40.7781319 ], [ -73.9176508, 40.7782508 ], [ -73.917624, 40.7782727 ], [ -73.917255, 40.778574 ] ] } },
{ "type": "Feature", "properties": { "u": 42879492, "v": 42827945, "key": 0, "osmid": "5708199", "highway": "residential", "lanes": null, "maxspeed": null, "name": "Hazen Street", "oneway": false, "reversed": "True", "length": 102.26644428066653, "bridge": null, "access": null, "ref": null }, "geometry": { "type": "LineString", "coordinates": [ [ -73.8950101, 40.7720839 ], [ -73.8941858, 40.7727593 ] ] } },
{ "type": "Feature", "properties": { "u": 42879492, "v": 42915899, "key": 0, "osmid": [ 897679038, 5708199 ], "highway": "residential", "lanes": "2", "maxspeed": null, "name": "Hazen Street", "oneway": false, "reversed": "False", "length": 26.198666716422668, "bridge": null, "access": null, "ref": null }, "geometry": { "type": "LineString", "coordinates": [ [ -73.8950101, 40.7720839 ], [ -73.895145, 40.7719737 ], [ -73.8951606, 40.7719606 ], [ -73.8951759, 40.7719481 ], [ -73.8952213, 40.7719109 ] ] } },
{ "type": "Feature", "properties": { "u": 42879504, "v": 42910642, "key": 0, "osmid": "198595453", "highway": "secondary", "lanes": "2", "maxspeed": "25 mph", "name": "Astoria Boulevard North", "oneway": false, "reversed": "False", "length": 79.960053063750678, "bridge": null, "access": null, "ref": null }, "geometry": { "type": "LineString", "coordinates": [ [ -73.8940384, 40.7667759 ], [ -73.8946726, 40.7667706 ], [ -73.8948083, 40.7667719 ], [ -73.8949876, 40.7667785 ] ] } },
{ "type": "Feature", "properties": { "u": 42879504, "v": 42827962, "key": 0, "osmid": "198595453", "highway": "secondary", "lanes": "2", "maxspeed": "25 mph", "name": "Astoria Boulevard North", "oneway": false, "reversed": "True", "length": 79.579056131424494, "bridge": null, "access": null, "ref": null }, "geometry": { "type": "LineString", "coordinates": [ [ -73.8940384, 40.7667759 ], [ -73.8931933, 40.7667813 ], [ -73.8930935, 40.7667804 ] ] } },
{ "type": "Feature", "properties": { "u": 42881027, "v": 42906387, "key": 0, "osmid": "5708659", "highway": "residential", "lanes": null, "maxspeed": "25 mph", "name": "23rd Street", "oneway": false, "reversed": "False", "length": 74.8306825680787, "bridge": null, "access": null, "ref": null }, "geometry": { "type": "LineString", "coordinates": [ [ -73.92117, 40.77537 ], [ -73.9213462, 40.7752251 ], [ -73.9216972, 40.7749389 ], [ -73.9217143, 40.7749237 ], [ -73.921772, 40.774875 ] ] } },
{ "type": "Feature", "properties": { "u": 42881027, "v": 42818186, "key": 0, "osmid": "5708659", "highway": "residential", "lanes": null, "maxspeed": "25 mph", "name": "23rd Street", "oneway": false, "reversed": "True", "length": 80.870025921422936, "bridge": null, "access": null, "ref": null }, "geometry": { "type": "LineString", "coordinates": [ [ -73.92117, 40.77537 ], [ -73.9208421, 40.7756386 ], [ -73.9205908, 40.7758444 ], [ -73.920518, 40.775904 ] ] } },
{ "type": "Feature", "properties": { "u": 42882974, "v": 42856527, "key": 0, "osmid": "683931282", "highway": "residential", "lanes": null, "maxspeed": null, "name": "32nd Street", "oneway": false, "reversed": "True", "length": 308.70771437225949, "bridge": null, "access": null, "ref": null }, "geometry": { "type": "LineString", "coordinates": [ [ -73.9245807, 40.7615965 ], [ -73.9245251, 40.7616688 ], [ -73.9242074, 40.762058 ], [ -73.9241243, 40.7621612 ], [ -73.9227303, 40.7638923 ], [ -73.9226715, 40.7639664 ] ] } },
{ "type": "Feature", "properties": { "u": 42885742, "v": 42807768, "key": 0, "osmid": [ 25173654, 46738918, 159229975 ], "highway": "secondary", "lanes": "3", "maxspeed": null, "name": "Astoria Boulevard South", "oneway": false, "reversed": "False", "length": 355.0815389482143, "bridge": "yes", "access": null, "ref": null }, "geometry": { "type": "LineString", "coordinates": [ [ -73.9060991, 40.7680856 ], [ -73.9058017, 40.7680354 ], [ -73.905663, 40.7680062 ], [ -73.9055495, 40.7679767 ], [ -73.905413, 40.7679343 ], [ -73.9052759, 40.7678845 ], [ -73.9049119, 40.7677352 ], [ -73.9047877, 40.7676889 ], [ -73.9046596, 40.7676436 ], [ -73.9045322, 40.7676064 ], [ -73.9043902, 40.7675706 ], [ -73.9042431, 40.7675414 ], [ -73.9041144, 40.7675217 ], [ -73.9039736, 40.7675055 ], [ -73.9038188, 40.7674938 ], [ -73.9036583, 40.7674937 ], [ -73.9035133, 40.7674961 ], [ -73.9032224, 40.7675065 ], [ -73.9030848, 40.7675085 ], [ -73.9029454, 40.7675082 ], [ -73.9027989, 40.7675035 ], [ -73.9026592, 40.7674949 ], [ -73.9025061, 40.7674819 ], [ -73.9023659, 40.7674674 ], [ -73.9022605, 40.7674519 ], [ -73.9021606, 40.7674426 ], [ -73.9020406, 40.7674234 ] ] } },
{ "type": "Feature", "properties": { "u": 42885742, "v": 597443959, "key": 0, "osmid": "772266908", "highway": "secondary", "lanes": null, "maxspeed": null, "name": "Astoria Boulevard South", "oneway": false, "reversed": "True", "length": 85.002594558736789, "bridge": null, "access": null, "ref": null }, "geometry": { "type": "LineString", "coordinates": [ [ -73.9060991, 40.7680856 ], [ -73.9069955, 40.768233 ], [ -73.9070862, 40.768245 ] ] } },
{ "type": "Feature", "properties": { "u": 42887040, "v": 42820708, "key": 0, "osmid": "5708659", "highway": "residential", "lanes": null, "maxspeed": "25 mph", "name": "23rd Street", "oneway": false, "reversed": "True", "length": 73.692186930954335, "bridge": null, "access": null, "ref": null }, "geometry": { "type": "LineString", "coordinates": [ [ -73.919853, 40.776448 ], [ -73.919258, 40.776934 ] ] } },
{ "type": "Feature", "properties": { "u": 42887040, "v": 42818186, "key": 0, "osmid": "5708659", "highway": "residential", "lanes": null, "maxspeed": "25 mph", "name": "23rd Street", "oneway": false, "reversed": "False", "length": 82.429330103027567, "bridge": null, "access": null, "ref": null }, "geometry": { "type": "LineString", "coordinates": [ [ -73.919853, 40.776448 ], [ -73.9200262, 40.7763063 ], [ -73.9201567, 40.7761996 ], [ -73.9204011, 40.7759996 ], [ -73.9204381, 40.7759693 ], [ -73.920518, 40.775904 ] ] } },
{ "type": "Feature", "properties": { "u": 42888656, "v": 7746623260, "key": 0, "osmid": "850605626", "highway": "secondary", "lanes": null, "maxspeed": null, "name": "Astoria Boulevard South", "oneway": false, "reversed": "False", "length": 84.406455929048207, "bridge": null, "access": null, "ref": null }, "geometry": { "type": "LineString", "coordinates": [ [ -73.9129009, 40.7691804 ], [ -73.9128237, 40.7691675 ], [ -73.9119219, 40.7690177 ] ] } },
{ "type": "Feature", "properties": { "u": 42888656, "v": 7746623259, "key": 0, "osmid": "850605626", "highway": "secondary", "lanes": null, "maxspeed": null, "name": "Astoria Boulevard South", "oneway": false, "reversed": "True", "length": 85.206479891225001, "bridge": null, "access": null, "ref": null }, "geometry": { "type": "LineString", "coordinates": [ [ -73.9129009, 40.7691804 ], [ -73.9129895, 40.7691955 ], [ -73.9138905, 40.76934 ] ] } },
{ "type": "Feature", "properties": { "u": 42895450, "v": 42874655, "key": 0, "osmid": "46869144", "highway": "residential", "lanes": "2", "maxspeed": null, "name": "Hazen Street", "oneway": false, "reversed": "False", "length": 162.65675191181032, "bridge": null, "access": null, "ref": null }, "geometry": { "type": "LineString", "coordinates": [ [ -73.8983074, 40.7693834 ], [ -73.8993263, 40.768553 ], [ -73.8995364, 40.7683773 ], [ -73.8996187, 40.7683094 ] ] } },
{ "type": "Feature", "properties": { "u": 42895450, "v": 3778381087, "key": 0, "osmid": "46869144", "highway": "residential", "lanes": "2", "maxspeed": null, "name": "Hazen Street", "oneway": false, "reversed": "True", "length": 113.75459246475008, "bridge": null, "access": null, "ref": null }, "geometry": { "type": "LineString", "coordinates": [ [ -73.8983074, 40.7693834 ], [ -73.8975477, 40.770007 ], [ -73.8973903, 40.7701345 ] ] } },
{ "type": "Feature", "properties": { "u": 42895454, "v": 42846760, "key": 0, "osmid": "198595453", "highway": "secondary", "lanes": "2", "maxspeed": "25 mph", "name": "Astoria Boulevard North", "oneway": false, "reversed": "False", "length": 84.554959272222078, "bridge": null, "access": null, "ref": null }, "geometry": { "type": "LineString", "coordinates": [ [ -73.8979021, 40.7671795 ], [ -73.8980806, 40.7671984 ], [ -73.8982959, 40.7672235 ], [ -73.8985206, 40.7672517 ], [ -73.8987108, 40.7672775 ], [ -73.8988913, 40.7673081 ] ] } },
{ "type": "Feature", "properties": { "u": 42895454, "v": 106134113, "key": 0, "osmid": "198595453", "highway": "secondary", "lanes": "2", "maxspeed": "25 mph", "name": "Astoria Boulevard North", "oneway": false, "reversed": "True", "length": 83.013459219915973, "bridge": null, "access": null, "ref": null }, "geometry": { "type": "LineString", "coordinates": [ [ -73.8979021, 40.7671795 ], [ -73.897669, 40.7671559 ], [ -73.8974181, 40.7671233 ], [ -73.8971702, 40.7670895 ], [ -73.8969308, 40.7670534 ] ] } },
{ "type": "Feature", "properties": { "u": 42897243, "v": 42906387, "key": 0, "osmid": "5708659", "highway": "residential", "lanes": null, "maxspeed": "25 mph", "name": "23rd Street", "oneway": false, "reversed": "True", "length": 69.113922540496958, "bridge": null, "access": null, "ref": null }, "geometry": { "type": "LineString", "coordinates": [ [ -73.9223308, 40.7744198 ], [ -73.9222426, 40.7744955 ], [ -73.9222178, 40.7745155 ], [ -73.9218241, 40.7748333 ], [ -73.921772, 40.774875 ] ] } },
{ "type": "Feature", "properties": { "u": 42897243, "v": 42898265, "key": 0, "osmid": "46740642", "highway": "residential", "lanes": null, "maxspeed": "25 mph", "name": "23rd Street", "oneway": false, "reversed": "False", "length": 64.900980574188623, "bridge": null, "access": null, "ref": null }, "geometry": { "type": "LineString", "coordinates": [ [ -73.9223308, 40.7744198 ], [ -73.9224279, 40.774338 ], [ -73.9227364, 40.7740779 ], [ -73.9227608, 40.7740574 ], [ -73.9227995, 40.7739655 ] ] } },
{ "type": "Feature", "properties": { "u": 42897243, "v": 42826008, "key": 0, "osmid": "420307979", "highway": "secondary", "lanes": "3", "maxspeed": "25 mph", "name": "Hoyt Avenue North", "oneway": false, "reversed": "False", "length": 122.56549738133619, "bridge": null, "access": null, "ref": null }, "geometry": { "type": "LineString", "coordinates": [ [ -73.9223308, 40.7744198 ], [ -73.9223767, 40.7744855 ], [ -73.9225159, 40.7746849 ], [ -73.9225603, 40.7747444 ], [ -73.9226579, 40.7748749 ], [ -73.9227948, 40.7750581 ], [ -73.9229276, 40.7752287 ], [ -73.9229626, 40.7752926 ], [ -73.9230165, 40.7753908 ] ] } },
{ "type": "Feature", "properties": { "u": 42897243, "v": 42861235, "key": 0, "osmid": [ 963603329, 963603330 ], "highway": "secondary", "lanes": [ "2", "3" ], "maxspeed": "25 mph", "name": "Hoyt Avenue North", "oneway": false, "reversed": "True", "length": 78.732502487240339, "bridge": null, "access": null, "ref": null }, "geometry": { "type": "LineString", "coordinates": [ [ -73.9223308, 40.7744198 ], [ -73.9222878, 40.7743775 ], [ -73.9220307, 40.7741838 ], [ -73.9217202, 40.7739739 ], [ -73.921656, 40.773931 ] ] } },
{ "type": "Feature", "properties": { "u": 42897257, "v": 42802627, "key": 0, "osmid": "535072104", "highway": "secondary", "lanes": "2", "maxspeed": "25 mph", "name": "Hoyt Avenue North", "oneway": false, "reversed": "True", "length": 79.598311275653415, "bridge": null, "access": null, "ref": null }, "geometry": { "type": "LineString", "coordinates": [ [ -73.9202731, 40.7729598 ], [ -73.9202185, 40.7729208 ], [ -73.9200954, 40.772833 ], [ -73.9198635, 40.7726676 ], [ -73.9196549, 40.7725188 ], [ -73.919585, 40.772469 ] ] } },
{ "type": "Feature", "properties": { "u": 42897257, "v": 42808162, "key": 0, "osmid": "963603331", "highway": "secondary", "lanes": "3", "maxspeed": "25 mph", "name": "Hoyt Avenue North", "oneway": false, "reversed": "False", "length": 78.91944643411135, "bridge": null, "access": null, "ref": null }, "geometry": { "type": "LineString", "coordinates": [ [ -73.9202731, 40.7729598 ], [ -73.9209071, 40.7734027 ], [ -73.920962, 40.773441 ] ] } },
{ "type": "Feature", "properties": { "u": 42897727, "v": 42866632, "key": 0, "osmid": "850605624", "highway": "secondary", "lanes": "2", "maxspeed": "25 mph", "name": "Astoria Boulevard North", "oneway": false, "reversed": "True", "length": 122.18649775903127, "bridge": null, "access": null, "ref": null }, "geometry": { "type": "LineString", "coordinates": [ [ -73.9158287, 40.7702677 ], [ -73.9156403, 40.7702458 ], [ -73.9153131, 40.7701946 ], [ -73.914484, 40.7700631 ], [ -73.9144077, 40.7700472 ] ] } },
{ "type": "Feature", "properties": { "u": 42897727, "v": 42905185, "key": 0, "osmid": [ 993553210, 820259747 ], "highway": "secondary", "lanes": [ "2", "3" ], "maxspeed": "25 mph", "name": "Astoria Boulevard North", "oneway": false, "reversed": "False", "length": 63.130158320876518, "bridge": null, "access": null, "ref": null }, "geometry": { "type": "LineString", "coordinates": [ [ -73.9158287, 40.7702677 ], [ -73.916081, 40.7703057 ], [ -73.9163569, 40.7703721 ], [ -73.9164268, 40.7703898 ], [ -73.9165405, 40.7704363 ] ] } },
{ "type": "Feature", "properties": { "u": 42898265, "v": 42897243, "key": 0, "osmid": "46740642", "highway": "residential", "lanes": null, "maxspeed": "25 mph", "name": "23rd Street", "oneway": false, "reversed": "True", "length": 64.900980574188623, "bridge": null, "access": null, "ref": null }, "geometry": { "type": "LineString", "coordinates": [ [ -73.9227995, 40.7739655 ], [ -73.9227608, 40.7740574 ], [ -73.9227364, 40.7740779 ], [ -73.9224279, 40.774338 ], [ -73.9223308, 40.7744198 ] ] } },
{ "type": "Feature", "properties": { "u": 42898265, "v": 42828378, "key": 0, "osmid": "108298537", "highway": "residential", "lanes": null, "maxspeed": "25 mph", "name": "23rd Street", "oneway": false, "reversed": "True", "length": 63.24212246883792, "bridge": null, "access": null, "ref": null }, "geometry": { "type": "LineString", "coordinates": [ [ -73.9227995, 40.7739655 ], [ -73.9228376, 40.7738755 ], [ -73.9228434, 40.7738617 ], [ -73.9231097, 40.773514 ], [ -73.923148, 40.773464 ] ] } },
{ "type": "Feature", "properties": { "u": 42899921, "v": 42864880, "key": 0, "osmid": "241364267", "highway": "secondary", "lanes": "2", "maxspeed": null, "name": "Grand Central Parkway", "oneway": false, "reversed": "True", "length": 79.129697404032029, "bridge": null, "access": null, "ref": null }, "geometry": { "type": "LineString", "coordinates": [ [ -73.8902342, 40.7666977 ], [ -73.8893189, 40.7668585 ] ] } },
{ "type": "Feature", "properties": { "u": 42899921, "v": 42803578, "key": 0, "osmid": [ 5707800, 241364267 ], "highway": "secondary", "lanes": [ "4", "2" ], "maxspeed": "25 mph", "name": [ "Grand Central Parkway", "Astoria Boulevard North" ], "oneway": false, "reversed": "False", "length": 79.16489083172543, "bridge": null, "access": null, "ref": null }, "geometry": { "type": "LineString", "coordinates": [ [ -73.8902342, 40.7666977 ], [ -73.8903641, 40.7666793 ], [ -73.8904855, 40.7666629 ], [ -73.8906007, 40.7666494 ], [ -73.8907334, 40.766635 ], [ -73.8908102, 40.7666293 ], [ -73.8909911, 40.7666166 ], [ -73.8911654, 40.7666041 ] ] } },
{ "type": "Feature", "properties": { "u": 42900309, "v": 42818490, "key": 0, "osmid": "220642948", "highway": "residential", "lanes": null, "maxspeed": "20 mph", "name": "Newtown Avenue", "oneway": false, "reversed": "False", "length": 141.20797233893714, "bridge": null, "access": null, "ref": null }, "geometry": { "type": "LineString", "coordinates": [ [ -73.9247803, 40.7713537 ], [ -73.9247258, 40.7713097 ], [ -73.9241621, 40.7708863 ], [ -73.9236963, 40.7704972 ], [ -73.9236279, 40.7704322 ] ] } },
{ "type": "Feature", "properties": { "u": 42900309, "v": 42920850, "key": 0, "osmid": "905190097", "highway": "residential", "lanes": null, "maxspeed": "20 mph", "name": "23rd Street", "oneway": false, "reversed": "False", "length": 54.967607559840019, "bridge": null, "access": null, "ref": null }, "geometry": { "type": "LineString", "coordinates": [ [ -73.9247803, 40.7713537 ], [ -73.9247209, 40.7714266 ], [ -73.9244919, 40.7717126 ], [ -73.924441, 40.771776 ] ] } },
{ "type": "Feature", "properties": { "u": 42900319, "v": 42849719, "key": 0, "osmid": "220642952", "highway": "residential", "lanes": null, "maxspeed": "20 mph", "name": "Newtown Avenue", "oneway": false, "reversed": "True", "length": 89.067001006028676, "bridge": null, "access": null, "ref": null }, "geometry": { "type": "LineString", "coordinates": [ [ -73.9212431, 40.7683852 ], [ -73.9212143, 40.7683199 ], [ -73.9208634, 40.7677761 ], [ -73.9207885, 40.7676626 ] ] } },
{ "type": "Feature", "properties": { "u": 42900319, "v": 42833248, "key": 0, "osmid": "220642955", "highway": "residential", "lanes": null, "maxspeed": "20 mph", "name": "Newtown Avenue", "oneway": false, "reversed": "False", "length": 118.34206932055227, "bridge": null, "access": null, "ref": null }, "geometry": { "type": "LineString", "coordinates": [ [ -73.9212431, 40.7683852 ], [ -73.9212768, 40.7684416 ], [ -73.9221119, 40.7691433 ], [ -73.9221663, 40.7691837 ] ] } },
{ "type": "Feature", "properties": { "u": 42900323, "v": 42874056, "key": 0, "osmid": "5707444", "highway": "residential", "lanes": null, "maxspeed": "20 mph", "name": "32nd Street", "oneway": false, "reversed": "True", "length": 47.759552059613689, "bridge": null, "access": null, "ref": null }, "geometry": { "type": "LineString", "coordinates": [ [ -73.9203016, 40.7668899 ], [ -73.9203606, 40.7668175 ], [ -73.920392, 40.7667801 ], [ -73.9205428, 40.7665974 ], [ -73.920602, 40.7665256 ] ] } },
{ "type": "Feature", "properties": { "u": 42900323, "v": 42849719, "key": 0, "osmid": "830005443", "highway": "residential", "lanes": null, "maxspeed": "20 mph", "name": "Newtown Avenue", "oneway": false, "reversed": "False", "length": 95.208098272086062, "bridge": null, "access": null, "ref": null }, "geometry": { "type": "LineString", "coordinates": [ [ -73.9203016, 40.7668899 ], [ -73.9207151, 40.767553 ], [ -73.9207885, 40.7676626 ] ] } },
{ "type": "Feature", "properties": { "u": 42900647, "v": 42912776, "key": 0, "osmid": "5710549", "highway": "secondary", "lanes": "3", "maxspeed": null, "name": "Astoria Boulevard South", "oneway": false, "reversed": "True", "length": 84.234359063977905, "bridge": null, "access": null, "ref": null }, "geometry": { "type": "LineString", "coordinates": [ [ -73.9080218, 40.7683932 ], [ -73.9090014, 40.7685463 ] ] } },
{ "type": "Feature", "properties": { "u": 42900647, "v": 597443959, "key": 0, "osmid": "772266907", "highway": "secondary", "lanes": "2", "maxspeed": null, "name": "Astoria Boulevard South", "oneway": false, "reversed": "False", "length": 80.49911158487015, "bridge": null, "access": null, "ref": null }, "geometry": { "type": "LineString", "coordinates": [ [ -73.9080218, 40.7683932 ], [ -73.9076634, 40.7683351 ], [ -73.9073177, 40.7682797 ], [ -73.907234, 40.7682664 ], [ -73.9071789, 40.7682577 ], [ -73.9070862, 40.768245 ] ] } },
{ "type": "Feature", "properties": { "u": 42905185, "v": 42897727, "key": 0, "osmid": [ 993553210, 820259747 ], "highway": "secondary", "lanes": [ "2", "3" ], "maxspeed": "25 mph", "name": "Astoria Boulevard North", "oneway": false, "reversed": "True", "length": 63.130158320876511, "bridge": null, "access": null, "ref": null }, "geometry": { "type": "LineString", "coordinates": [ [ -73.9165405, 40.7704363 ], [ -73.9164268, 40.7703898 ], [ -73.9163569, 40.7703721 ], [ -73.916081, 40.7703057 ], [ -73.9158287, 40.7702677 ] ] } },
{ "type": "Feature", "properties": { "u": 42905185, "v": 42849703, "key": 0, "osmid": [ 993553213, 421845655 ], "highway": "secondary", "lanes": "3", "maxspeed": "25 mph", "name": "Astoria Boulevard North", "oneway": false, "reversed": "False", "length": 73.635326457509763, "bridge": null, "access": null, "ref": null }, "geometry": { "type": "LineString", "coordinates": [ [ -73.9165405, 40.7704363 ], [ -73.916647, 40.7704836 ], [ -73.9167553, 40.7705376 ], [ -73.9168538, 40.7705943 ], [ -73.916951, 40.7706509 ], [ -73.9170464, 40.770712 ], [ -73.91724, 40.7708318 ] ] } },
{ "type": "Feature", "properties": { "u": 42906387, "v": 42897243, "key": 0, "osmid": "5708659", "highway": "residential", "lanes": null, "maxspeed": "25 mph", "name": "23rd Street", "oneway": false, "reversed": "False", "length": 69.113922540496958, "bridge": null, "access": null, "ref": null }, "geometry": { "type": "LineString", "coordinates": [ [ -73.921772, 40.774875 ], [ -73.9218241, 40.7748333 ], [ -73.9222178, 40.7745155 ], [ -73.9222426, 40.7744955 ], [ -73.9223308, 40.7744198 ] ] } },
{ "type": "Feature", "properties": { "u": 42906387, "v": 42881027, "key": 0, "osmid": "5708659", "highway": "residential", "lanes": null, "maxspeed": "25 mph", "name": "23rd Street", "oneway": false, "reversed": "True", "length": 74.8306825680787, "bridge": null, "access": null, "ref": null }, "geometry": { "type": "LineString", "coordinates": [ [ -73.921772, 40.774875 ], [ -73.9217143, 40.7749237 ], [ -73.9216972, 40.7749389 ], [ -73.9213462, 40.7752251 ], [ -73.92117, 40.77537 ] ] } },
{ "type": "Feature", "properties": { "u": 42908847, "v": 42812008, "key": 0, "osmid": "5707681", "highway": "residential", "lanes": "2", "maxspeed": "25 mph", "name": "21st Avenue", "oneway": false, "reversed": "True", "length": 47.926931649062546, "bridge": null, "access": null, "ref": null }, "geometry": { "type": "LineString", "coordinates": [ [ -73.9153103, 40.7828009 ], [ -73.915729, 40.7830929 ] ] } },
{ "type": "Feature", "properties": { "u": 42908847, "v": 3778313813, "key": 0, "osmid": "5707681", "highway": "residential", "lanes": "2", "maxspeed": "25 mph", "name": "21st Avenue", "oneway": false, "reversed": "False", "length": 82.033631188206954, "bridge": null, "access": null, "ref": null }, "geometry": { "type": "LineString", "coordinates": [ [ -73.9153103, 40.7828009 ], [ -73.9151941, 40.7827158 ], [ -73.9147014, 40.7823661 ], [ -73.9146008, 40.7822953 ] ] } },
{ "type": "Feature", "properties": { "u": 42908871, "v": 3778313813, "key": 0, "osmid": "5707681", "highway": "residential", "lanes": "2", "maxspeed": "25 mph", "name": "21st Avenue", "oneway": false, "reversed": "True", "length": 116.59269273927704, "bridge": null, "access": null, "ref": null }, "geometry": { "type": "LineString", "coordinates": [ [ -73.9135851, 40.7815826 ], [ -73.9136454, 40.7816249 ], [ -73.9139025, 40.7818054 ], [ -73.9144925, 40.782219 ], [ -73.9146008, 40.7822953 ] ] } },
{ "type": "Feature", "properties": { "u": 42908871, "v": 42849908, "key": 0, "osmid": "5708659", "highway": "residential", "lanes": null, "maxspeed": "25 mph", "name": "23rd Street", "oneway": false, "reversed": "False", "length": 126.57678322139512, "bridge": null, "access": null, "ref": null }, "geometry": { "type": "LineString", "coordinates": [ [ -73.9135851, 40.7815826 ], [ -73.9136572, 40.7815231 ], [ -73.9139181, 40.7813064 ], [ -73.9141762, 40.7810956 ], [ -73.9146044, 40.7807459 ] ] } },
{ "type": "Feature", "properties": { "u": 42908969, "v": 13016596496, "key": 0, "osmid": "5707735", "highway": "tertiary", "lanes": null, "maxspeed": null, "name": "81st Street", "oneway": false, "reversed": "False", "length": 216.89941140917583, "bridge": null, "access": null, "ref": null }, "geometry": { "type": "LineString", "coordinates": [ [ -73.8890927, 40.7709138 ], [ -73.8890783, 40.7708307 ], [ -73.8887866, 40.7691516 ], [ -73.8887806, 40.7691029 ], [ -73.8887606, 40.7689795 ] ] } },
{ "type": "Feature", "properties": { "u": 42908969, "v": 42851758, "key": 0, "osmid": "5707735", "highway": "tertiary", "lanes": null, "maxspeed": null, "name": "81st Street", "oneway": false, "reversed": "True", "length": 247.20225558111323, "bridge": null, "access": null, "ref": null }, "geometry": { "type": "LineString", "coordinates": [ [ -73.8890927, 40.7709138 ], [ -73.8891083, 40.7710079 ], [ -73.889421, 40.7728931 ], [ -73.8894419, 40.7729455 ], [ -73.8894663, 40.7729765 ], [ -73.8895025, 40.7730186 ], [ -73.8895787, 40.773084 ] ] } },
{ "type": "Feature", "properties": { "u": 42909624, "v": 42864880, "key": 0, "osmid": "241364267", "highway": "secondary", "lanes": "2", "maxspeed": null, "name": "Grand Central Parkway", "oneway": false, "reversed": "False", "length": 80.216289683389718, "bridge": null, "access": null, "ref": null }, "geometry": { "type": "LineString", "coordinates": [ [ -73.888402, 40.7670539 ], [ -73.8893189, 40.7668585 ] ] } },
{ "type": "Feature", "properties": { "u": 42909624, "v": 482663674, "key": 0, "osmid": "241364267", "highway": "secondary", "lanes": "2", "maxspeed": null, "name": "Grand Central Parkway", "oneway": false, "reversed": "True", "length": 45.71434381015402, "bridge": null, "access": null, "ref": null }, "geometry": { "type": "LineString", "coordinates": [ [ -73.888402, 40.7670539 ], [ -73.8879699, 40.7671623 ], [ -73.8878891, 40.767188 ] ] } },
{ "type": "Feature", "properties": { "u": 42910587, "v": 42841803, "key": 0, "osmid": "683931309", "highway": "secondary", "lanes": "3", "maxspeed": null, "name": "Astoria Boulevard North", "oneway": false, "reversed": "False", "length": 96.559596609614587, "bridge": null, "access": null, "ref": null }, "geometry": { "type": "LineString", "coordinates": [ [ -73.9102637, 40.7694141 ], [ -73.9103943, 40.7694344 ], [ -73.9107001, 40.7694826 ], [ -73.911118, 40.769545 ], [ -73.9113885, 40.7695825 ] ] } },
{ "type": "Feature", "properties": { "u": 42910587, "v": 42910593, "key": 0, "osmid": "822073481", "highway": "secondary", "lanes": "3", "maxspeed": null, "name": "Astoria Boulevard North", "oneway": false, "reversed": "True", "length": 99.391074164391796, "bridge": null, "access": null, "ref": null }, "geometry": { "type": "LineString", "coordinates": [ [ -73.9102637, 40.7694141 ], [ -73.9101337, 40.7693936 ], [ -73.9099392, 40.7693634 ], [ -73.9096814, 40.769322 ], [ -73.909109, 40.7692292 ] ] } },
{ "type": "Feature", "properties": { "u": 42910593, "v": 42910603, "key": 0, "osmid": "822073481", "highway": "secondary", "lanes": "3", "maxspeed": null, "name": "Astoria Boulevard North", "oneway": false, "reversed": "True", "length": 94.689538715742259, "bridge": null, "access": null, "ref": null }, "geometry": { "type": "LineString", "coordinates": [ [ -73.909109, 40.7692292 ], [ -73.9080078, 40.7690571 ] ] } },
{ "type": "Feature", "properties": { "u": 42910593, "v": 42910587, "key": 0, "osmid": "822073481", "highway": "secondary", "lanes": "3", "maxspeed": null, "name": "Astoria Boulevard North", "oneway": false, "reversed": "False", "length": 99.39107416439181, "bridge": null, "access": null, "ref": null }, "geometry": { "type": "LineString", "coordinates": [ [ -73.909109, 40.7692292 ], [ -73.9096814, 40.769322 ], [ -73.9099392, 40.7693634 ], [ -73.9101337, 40.7693936 ], [ -73.9102637, 40.7694141 ] ] } },
{ "type": "Feature", "properties": { "u": 42910603, "v": 42910593, "key": 0, "osmid": "822073481", "highway": "secondary", "lanes": "3", "maxspeed": null, "name": "Astoria Boulevard North", "oneway": false, "reversed": "False", "length": 94.689538715742259, "bridge": null, "access": null, "ref": null }, "geometry": { "type": "LineString", "coordinates": [ [ -73.9080078, 40.7690571 ], [ -73.909109, 40.7692292 ] ] } },
{ "type": "Feature", "properties": { "u": 42910603, "v": 42865836, "key": 0, "osmid": "822073481", "highway": "secondary", "lanes": "3", "maxspeed": null, "name": "Astoria Boulevard North", "oneway": false, "reversed": "True", "length": 94.711525091410948, "bridge": null, "access": null, "ref": null }, "geometry": { "type": "LineString", "coordinates": [ [ -73.9080078, 40.7690571 ], [ -73.9073059, 40.7689481 ], [ -73.9070279, 40.7689049 ], [ -73.9069064, 40.7688848 ] ] } },
{ "type": "Feature", "properties": { "u": 42910631, "v": 42874655, "key": 0, "osmid": "46869144", "highway": "residential", "lanes": "2", "maxspeed": null, "name": "Hazen Street", "oneway": false, "reversed": "True", "length": 111.37020871590639, "bridge": null, "access": null, "ref": null }, "geometry": { "type": "LineString", "coordinates": [ [ -73.9005113, 40.7675709 ], [ -73.900439, 40.7676395 ], [ -73.9004002, 40.7676768 ], [ -73.8997024, 40.768241 ], [ -73.8996187, 40.7683094 ] ] } },
{ "type": "Feature", "properties": { "u": 42910631, "v": 42807758, "key": 0, "osmid": "1134690190", "highway": "secondary", "lanes": "3", "maxspeed": "25 mph", "name": "Astoria Boulevard North", "oneway": false, "reversed": "False", "length": 96.540870362658637, "bridge": null, "access": null, "ref": null }, "geometry": { "type": "LineString", "coordinates": [ [ -73.9005113, 40.7675709 ], [ -73.9015292, 40.767739 ], [ -73.9016319, 40.7677538 ] ] } },
{ "type": "Feature", "properties": { "u": 42910631, "v": 42846760, "key": 0, "osmid": "1134690190", "highway": "secondary", "lanes": "3", "maxspeed": "25 mph", "name": "Astoria Boulevard North", "oneway": false, "reversed": "True", "length": 139.53053387456256, "bridge": null, "access": null, "ref": null }, "geometry": { "type": "LineString", "coordinates": [ [ -73.9005113, 40.7675709 ], [ -73.8994127, 40.7673984 ], [ -73.8993732, 40.7673922 ], [ -73.8990757, 40.7673403 ], [ -73.8988913, 40.7673081 ] ] } },
{ "type": "Feature", "properties": { "u": 42910642, "v": 42839122, "key": 0, "osmid": "198595453", "highway": "secondary", "lanes": "2", "maxspeed": "25 mph", "name": "Astoria Boulevard North", "oneway": false, "reversed": "False", "length": 82.991112455629519, "bridge": null, "access": null, "ref": null }, "geometry": { "type": "LineString", "coordinates": [ [ -73.8949876, 40.7667785 ], [ -73.8950973, 40.7667847 ], [ -73.8952251, 40.7667951 ], [ -73.8953605, 40.7668083 ], [ -73.8955018, 40.7668244 ], [ -73.8955924, 40.7668382 ], [ -73.8957123, 40.7668565 ], [ -73.8959591, 40.7668979 ] ] } },
{ "type": "Feature", "properties": { "u": 42910642, "v": 42879504, "key": 0, "osmid": "198595453", "highway": "secondary", "lanes": "2", "maxspeed": "25 mph", "name": "Astoria Boulevard North", "oneway": false, "reversed": "True", "length": 79.960053063750678, "bridge": null, "access": null, "ref": null }, "geometry": { "type": "LineString", "coordinates": [ [ -73.8949876, 40.7667785 ], [ -73.8948083, 40.7667719 ], [ -73.8946726, 40.7667706 ], [ -73.8940384, 40.7667759 ] ] } },
{ "type": "Feature", "properties": { "u": 42912771, "v": 42912774, "key": 0, "osmid": [ 683931306, 850605626 ], "highway": "secondary", "lanes": "3", "maxspeed": null, "name": "Astoria Boulevard South", "oneway": false, "reversed": "False", "length": 83.191913894241367, "bridge": null, "access": null, "ref": null }, "geometry": { "type": "LineString", "coordinates": [ [ -73.9109422, 40.7688547 ], [ -73.9108223, 40.7688372 ], [ -73.9106717, 40.7688131 ], [ -73.9099752, 40.7687018 ] ] } },
{ "type": "Feature", "properties": { "u": 42912771, "v": 7746623260, "key": 0, "osmid": "850605626", "highway": "secondary", "lanes": null, "maxspeed": null, "name": "Astoria Boulevard South", "oneway": false, "reversed": "True", "length": 84.471546051098642, "bridge": null, "access": null, "ref": null }, "geometry": { "type": "LineString", "coordinates": [ [ -73.9109422, 40.7688547 ], [ -73.9110758, 40.7688764 ], [ -73.9119219, 40.7690177 ] ] } },
{ "type": "Feature", "properties": { "u": 42912774, "v": 42912776, "key": 0, "osmid": "683931306", "highway": "secondary", "lanes": "3", "maxspeed": null, "name": "Astoria Boulevard South", "oneway": false, "reversed": "False", "length": 83.810518475433014, "bridge": null, "access": null, "ref": null }, "geometry": { "type": "LineString", "coordinates": [ [ -73.9099752, 40.7687018 ], [ -73.9092074, 40.7685792 ], [ -73.9090014, 40.7685463 ] ] } },
{ "type": "Feature", "properties": { "u": 42912774, "v": 42912771, "key": 0, "osmid": [ 683931306, 850605626 ], "highway": "secondary", "lanes": "3", "maxspeed": null, "name": "Astoria Boulevard South", "oneway": false, "reversed": "True", "length": 83.191913894241353, "bridge": null, "access": null, "ref": null }, "geometry": { "type": "LineString", "coordinates": [ [ -73.9099752, 40.7687018 ], [ -73.9106717, 40.7688131 ], [ -73.9108223, 40.7688372 ], [ -73.9109422, 40.7688547 ] ] } },
{ "type": "Feature", "properties": { "u": 42912776, "v": 42900647, "key": 0, "osmid": "5710549", "highway": "secondary", "lanes": "3", "maxspeed": null, "name": "Astoria Boulevard South", "oneway": false, "reversed": "False", "length": 84.234359063977905, "bridge": null, "access": null, "ref": null }, "geometry": { "type": "LineString", "coordinates": [ [ -73.9090014, 40.7685463 ], [ -73.9080218, 40.7683932 ] ] } },
{ "type": "Feature", "properties": { "u": 42912776, "v": 42912774, "key": 0, "osmid": "683931306", "highway": "secondary", "lanes": "3", "maxspeed": null, "name": "Astoria Boulevard South", "oneway": false, "reversed": "True", "length": 83.810518475433014, "bridge": null, "access": null, "ref": null }, "geometry": { "type": "LineString", "coordinates": [ [ -73.9090014, 40.7685463 ], [ -73.9092074, 40.7685792 ], [ -73.9099752, 40.7687018 ] ] } },
{ "type": "Feature", "properties": { "u": 42915899, "v": 42915904, "key": 0, "osmid": "46869144", "highway": "residential", "lanes": "2", "maxspeed": null, "name": "Hazen Street", "oneway": false, "reversed": "False", "length": 75.192253079867882, "bridge": null, "access": null, "ref": null }, "geometry": { "type": "LineString", "coordinates": [ [ -73.8952213, 40.7719109 ], [ -73.8953019, 40.7718449 ], [ -73.8958275, 40.7714144 ] ] } },
{ "type": "Feature", "properties": { "u": 42915899, "v": 42879492, "key": 0, "osmid": [ 897679038, 5708199 ], "highway": "residential", "lanes": "2", "maxspeed": null, "name": "Hazen Street", "oneway": false, "reversed": "True", "length": 26.198666716422668, "bridge": null, "access": null, "ref": null }, "geometry": { "type": "LineString", "coordinates": [ [ -73.8952213, 40.7719109 ], [ -73.8951759, 40.7719481 ], [ -73.8951606, 40.7719606 ], [ -73.895145, 40.7719737 ], [ -73.8950101, 40.7720839 ] ] } },
{ "type": "Feature", "properties": { "u": 42915904, "v": 42915908, "key": 0, "osmid": "46869144", "highway": "residential", "lanes": "2", "maxspeed": null, "name": "Hazen Street", "oneway": false, "reversed": "False", "length": 32.716436774125498, "bridge": null, "access": null, "ref": null }, "geometry": { "type": "LineString", "coordinates": [ [ -73.8958275, 40.7714144 ], [ -73.8960913, 40.7711984 ] ] } },
{ "type": "Feature", "properties": { "u": 42915904, "v": 42915899, "key": 0, "osmid": "46869144", "highway": "residential", "lanes": "2", "maxspeed": null, "name": "Hazen Street", "oneway": false, "reversed": "True", "length": 75.192253079867882, "bridge": null, "access": null, "ref": null }, "geometry": { "type": "LineString", "coordinates": [ [ -73.8958275, 40.7714144 ], [ -73.8953019, 40.7718449 ], [ -73.8952213, 40.7719109 ] ] } },
{ "type": "Feature", "properties": { "u": 42915908, "v": 42915904, "key": 0, "osmid": "46869144", "highway": "residential", "lanes": "2", "maxspeed": null, "name": "Hazen Street", "oneway": false, "reversed": "True", "length": 32.716436774125498, "bridge": null, "access": null, "ref": null }, "geometry": { "type": "LineString", "coordinates": [ [ -73.8960913, 40.7711984 ], [ -73.8958275, 40.7714144 ] ] } },
{ "type": "Feature", "properties": { "u": 42915908, "v": 42839110, "key": 0, "osmid": "46869144", "highway": "residential", "lanes": "2", "maxspeed": null, "name": "Hazen Street", "oneway": false, "reversed": "False", "length": 69.62118922578442, "bridge": null, "access": null, "ref": null }, "geometry": { "type": "LineString", "coordinates": [ [ -73.8960913, 40.7711984 ], [ -73.8961548, 40.7711464 ], [ -73.8966526, 40.7707387 ] ] } },
{ "type": "Feature", "properties": { "u": 42920835, "v": 42820708, "key": 0, "osmid": "5708659", "highway": "residential", "lanes": null, "maxspeed": "25 mph", "name": "23rd Street", "oneway": false, "reversed": "False", "length": 76.18375488883018, "bridge": null, "access": null, "ref": null }, "geometry": { "type": "LineString", "coordinates": [ [ -73.918648, 40.77744 ], [ -73.9188373, 40.7772831 ], [ -73.919258, 40.776934 ] ] } },
{ "type": "Feature", "properties": { "u": 42920835, "v": 42877816, "key": 0, "osmid": "5708659", "highway": "residential", "lanes": null, "maxspeed": "25 mph", "name": "23rd Street", "oneway": false, "reversed": "True", "length": 81.825111574401177, "bridge": null, "access": null, "ref": null }, "geometry": { "type": "LineString", "coordinates": [ [ -73.918648, 40.77744 ], [ -73.9183215, 40.777705 ], [ -73.9180513, 40.7779242 ], [ -73.917985, 40.777978 ] ] } },
{ "type": "Feature", "properties": { "u": 42920850, "v": 42828378, "key": 0, "osmid": "108298537", "highway": "residential", "lanes": null, "maxspeed": "25 mph", "name": "23rd Street", "oneway": false, "reversed": "False", "length": 216.99210482556916, "bridge": null, "access": null, "ref": null }, "geometry": { "type": "LineString", "coordinates": [ [ -73.924441, 40.771776 ], [ -73.924376, 40.7718609 ], [ -73.9238992, 40.7724833 ], [ -73.9234374, 40.7730862 ], [ -73.9234008, 40.773134 ], [ -73.9231726, 40.7734319 ], [ -73.923148, 40.773464 ] ] } },
{ "type": "Feature", "properties": { "u": 42920850, "v": 42900309, "key": 0, "osmid": "905190097", "highway": "residential", "lanes": null, "maxspeed": "20 mph", "name": "23rd Street", "oneway": false, "reversed": "True", "length": 54.967607559840026, "bridge": null, "access": null, "ref": null }, "geometry": { "type": "LineString", "coordinates": [ [ -73.924441, 40.771776 ], [ -73.9244919, 40.7717126 ], [ -73.9247209, 40.7714266 ], [ -73.9247803, 40.7713537 ] ] } },
{ "type": "Feature", "properties": { "u": 106134113, "v": 42839122, "key": 0, "osmid": "198595453", "highway": "secondary", "lanes": "2", "maxspeed": "25 mph", "name": "Astoria Boulevard North", "oneway": false, "reversed": "True", "length": 83.639467806582232, "bridge": null, "access": null, "ref": null }, "geometry": { "type": "LineString", "coordinates": [ [ -73.8969308, 40.7670534 ], [ -73.8959591, 40.7668979 ] ] } },
{ "type": "Feature", "properties": { "u": 106134113, "v": 42895454, "key": 0, "osmid": "198595453", "highway": "secondary", "lanes": "2", "maxspeed": "25 mph", "name": "Astoria Boulevard North", "oneway": false, "reversed": "False", "length": 83.013459219915973, "bridge": null, "access": null, "ref": null }, "geometry": { "type": "LineString", "coordinates": [ [ -73.8969308, 40.7670534 ], [ -73.8971702, 40.7670895 ], [ -73.8974181, 40.7671233 ], [ -73.897669, 40.7671559 ], [ -73.8979021, 40.7671795 ] ] } },
{ "type": "Feature", "properties": { "u": 276065579, "v": 13016596496, "key": 0, "osmid": "1416448005", "highway": "tertiary", "lanes": null, "maxspeed": null, "name": "81st Street", "oneway": false, "reversed": "True", "length": 11.633604045072493, "bridge": null, "access": null, "ref": null }, "geometry": { "type": "LineString", "coordinates": [ [ -73.8887179, 40.76888 ], [ -73.8887606, 40.7689795 ] ] } },
{ "type": "Feature", "properties": { "u": 276065579, "v": 6358339109, "key": 0, "osmid": "46869140", "highway": "tertiary", "lanes": null, "maxspeed": null, "name": "Ditmars Boulevard", "oneway": false, "reversed": "False", "length": 72.605147113753389, "bridge": null, "access": null, "ref": null }, "geometry": { "type": "LineString", "coordinates": [ [ -73.8887179, 40.76888 ], [ -73.8885993, 40.7688408 ], [ -73.8884879, 40.7687871 ], [ -73.8883994, 40.7687175 ], [ -73.8883207, 40.7685952 ], [ -73.8882894, 40.7685153 ], [ -73.8882708, 40.7684677 ], [ -73.8882373, 40.7683821 ] ] } },
{ "type": "Feature", "properties": { "u": 482663674, "v": 42909624, "key": 0, "osmid": "241364267", "highway": "secondary", "lanes": "2", "maxspeed": null, "name": "Grand Central Parkway", "oneway": false, "reversed": "False", "length": 45.71434381015402, "bridge": null, "access": null, "ref": null }, "geometry": { "type": "LineString", "coordinates": [ [ -73.8878891, 40.767188 ], [ -73.8879699, 40.7671623 ], [ -73.888402, 40.7670539 ] ] } },
{ "type": "Feature", "properties": { "u": 482663674, "v": 6358339109, "key": 0, "osmid": "693946236", "highway": "tertiary", "lanes": "2", "maxspeed": null, "name": "Ditmars Boulevard", "oneway": false, "reversed": "True", "length": 135.97819826390275, "bridge": null, "access": null, "ref": null }, "geometry": { "type": "LineString", "coordinates": [ [ -73.8878891, 40.767188 ], [ -73.8879098, 40.7672621 ], [ -73.8879201, 40.7672953 ], [ -73.8879317, 40.767335 ], [ -73.8882373, 40.7683821 ] ] } },
{ "type": "Feature", "properties": { "u": 597443933, "v": 7659362778, "key": 0, "osmid": [ 420905641, 1376711900, 683931309 ], "highway": "secondary", "lanes": "3", "maxspeed": null, "name": "Astoria Boulevard North", "oneway": false, "reversed": "False", "length": 85.252623385720852, "bridge": null, "access": null, "ref": null }, "geometry": { "type": "LineString", "coordinates": [ [ -73.9124529, 40.7697289 ], [ -73.9125398, 40.7697449 ], [ -73.91287, 40.7697951 ], [ -73.9132002, 40.7698453 ], [ -73.9134445, 40.7698831 ] ] } },
{ "type": "Feature", "properties": { "u": 597443933, "v": 42818232, "key": 0, "osmid": "683931309", "highway": "secondary", "lanes": "3", "maxspeed": null, "name": "Astoria Boulevard North", "oneway": false, "reversed": "True", "length": 78.453070020091886, "bridge": null, "access": null, "ref": null }, "geometry": { "type": "LineString", "coordinates": [ [ -73.9124529, 40.7697289 ], [ -73.9123524, 40.7697127 ], [ -73.9122369, 40.7696983 ], [ -73.9115365, 40.7696022 ] ] } },
{ "type": "Feature", "properties": { "u": 597443959, "v": 42900647, "key": 0, "osmid": "772266907", "highway": "secondary", "lanes": "2", "maxspeed": null, "name": "Astoria Boulevard South", "oneway": false, "reversed": "True", "length": 80.49911158487015, "bridge": null, "access": null, "ref": null }, "geometry": { "type": "LineString", "coordinates": [ [ -73.9070862, 40.768245 ], [ -73.9071789, 40.7682577 ], [ -73.907234, 40.7682664 ], [ -73.9073177, 40.7682797 ], [ -73.9076634, 40.7683351 ], [ -73.9080218, 40.7683932 ] ] } },
{ "type": "Feature", "properties": { "u": 597443959, "v": 42885742, "key": 0, "osmid": "772266908", "highway": "secondary", "lanes": null, "maxspeed": null, "name": "Astoria Boulevard South", "oneway": false, "reversed": "False", "length": 85.002594558736789, "bridge": null, "access": null, "ref": null }, "geometry": { "type": "LineString", "coordinates": [ [ -73.9070862, 40.768245 ], [ -73.9069955, 40.768233 ], [ -73.9060991, 40.7680856 ] ] } },
{ "type": "Feature", "properties": { "u": 597443989, "v": 597462633, "key": 0, "osmid": "5707799", "highway": "secondary", "lanes": "2", "maxspeed": "25 mph", "name": "Astoria Boulevard North", "oneway": false, "reversed": "False", "length": 61.389516804271629, "bridge": null, "access": null, "ref": null }, "geometry": { "type": "LineString", "coordinates": [ [ -73.9044278, 40.7683848 ], [ -73.9045104, 40.7684295 ], [ -73.9046012, 40.7684727 ], [ -73.9046978, 40.7685132 ], [ -73.9047923, 40.7685479 ], [ -73.904873, 40.7685731 ], [ -73.9049667, 40.7686003 ], [ -73.9050785, 40.7686268 ] ] } },
{ "type": "Feature", "properties": { "u": 597443989, "v": 42800986, "key": 0, "osmid": "5707799", "highway": "secondary", "lanes": "2", "maxspeed": "25 mph", "name": "Astoria Boulevard North", "oneway": false, "reversed": "True", "length": 56.740256139799847, "bridge": null, "access": null, "ref": null }, "geometry": { "type": "LineString", "coordinates": [ [ -73.9044278, 40.7683848 ], [ -73.9041026, 40.7681973 ], [ -73.9040538, 40.7681777 ], [ -73.9039823, 40.7681559 ], [ -73.9039225, 40.7681407 ], [ -73.9038558, 40.7681255 ] ] } },
{ "type": "Feature", "properties": { "u": 597462633, "v": 3778745484, "key": 0, "osmid": "5707799", "highway": "secondary", "lanes": "2", "maxspeed": "25 mph", "name": "Astoria Boulevard North", "oneway": false, "reversed": "False", "length": 44.180152167830769, "bridge": null, "access": null, "ref": null }, "geometry": { "type": "LineString", "coordinates": [ [ -73.9050785, 40.7686268 ], [ -73.9051675, 40.7686447 ], [ -73.9052631, 40.7686617 ], [ -73.9054688, 40.7686891 ], [ -73.9055937, 40.7686982 ] ] } },
{ "type": "Feature", "properties": { "u": 597462633, "v": 597443989, "key": 0, "osmid": "5707799", "highway": "secondary", "lanes": "2", "maxspeed": "25 mph", "name": "Astoria Boulevard North", "oneway": false, "reversed": "True", "length": 61.389516804271636, "bridge": null, "access": null, "ref": null }, "geometry": { "type": "LineString", "coordinates": [ [ -73.9050785, 40.7686268 ], [ -73.9049667, 40.7686003 ], [ -73.904873, 40.7685731 ], [ -73.9047923, 40.7685479 ], [ -73.9046978, 40.7685132 ], [ -73.9046012, 40.7684727 ], [ -73.9045104, 40.7684295 ], [ -73.9044278, 40.7683848 ] ] } },
{ "type": "Feature", "properties": { "u": 2087152420, "v": 42833984, "key": 0, "osmid": "198595535", "highway": "tertiary", "lanes": "2", "maxspeed": "25 mph", "name": "19th Avenue", "oneway": false, "reversed": "False", "length": 58.932146984395054, "bridge": null, "access": null, "ref": null }, "geometry": { "type": "LineString", "coordinates": [ [ -73.8913561, 40.773459 ], [ -73.8906824, 40.7733155 ] ] } },
{ "type": "Feature", "properties": { "u": 2087152420, "v": 42850698, "key": 0, "osmid": "198595535", "highway": "tertiary", "lanes": "2", "maxspeed": "25 mph", "name": "19th Avenue", "oneway": false, "reversed": "True", "length": 136.2147238593339, "bridge": null, "access": null, "ref": null }, "geometry": { "type": "LineString", "coordinates": [ [ -73.8913561, 40.773459 ], [ -73.892795, 40.7737822 ], [ -73.8929071, 40.7738069 ] ] } },
{ "type": "Feature", "properties": { "u": 3778313813, "v": 42908871, "key": 0, "osmid": "5707681", "highway": "residential", "lanes": "2", "maxspeed": "25 mph", "name": "21st Avenue", "oneway": false, "reversed": "False", "length": 116.59269273927704, "bridge": null, "access": null, "ref": null }, "geometry": { "type": "LineString", "coordinates": [ [ -73.9146008, 40.7822953 ], [ -73.9144925, 40.782219 ], [ -73.9139025, 40.7818054 ], [ -73.9136454, 40.7816249 ], [ -73.9135851, 40.7815826 ] ] } },
{ "type": "Feature", "properties": { "u": 3778313813, "v": 42908847, "key": 0, "osmid": "5707681", "highway": "residential", "lanes": "2", "maxspeed": "25 mph", "name": "21st Avenue", "oneway": false, "reversed": "True", "length": 82.033631188206954, "bridge": null, "access": null, "ref": null }, "geometry": { "type": "LineString", "coordinates": [ [ -73.9146008, 40.7822953 ], [ -73.9147014, 40.7823661 ], [ -73.9151941, 40.7827158 ], [ -73.9153103, 40.7828009 ] ] } },
{ "type": "Feature", "properties": { "u": 3778381087, "v": 42895450, "key": 0, "osmid": "46869144", "highway": "residential", "lanes": "2", "maxspeed": null, "name": "Hazen Street", "oneway": false, "reversed": "False", "length": 113.75459246475008, "bridge": null, "access": null, "ref": null }, "geometry": { "type": "LineString", "coordinates": [ [ -73.8973903, 40.7701345 ], [ -73.8975477, 40.770007 ], [ -73.8983074, 40.7693834 ] ] } },
{ "type": "Feature", "properties": { "u": 3778381087, "v": 42839110, "key": 0, "osmid": "46869144", "highway": "residential", "lanes": "2", "maxspeed": null, "name": "Hazen Street", "oneway": false, "reversed": "True", "length": 91.505039837347582, "bridge": null, "access": null, "ref": null }, "geometry": { "type": "LineString", "coordinates": [ [ -73.8973903, 40.7701345 ], [ -73.8973, 40.7702105 ], [ -73.8966526, 40.7707387 ] ] } },
{ "type": "Feature", "properties": { "u": 3778745484, "v": 42865836, "key": 0, "osmid": [ 159229976, 5707799 ], "highway": "secondary", "lanes": [ "2", "3" ], "maxspeed": "25 mph", "name": "Astoria Boulevard North", "oneway": false, "reversed": "False", "length": 112.50279810396819, "bridge": null, "access": null, "ref": null }, "geometry": { "type": "LineString", "coordinates": [ [ -73.9055937, 40.7686982 ], [ -73.9060436, 40.768752 ], [ -73.9062277, 40.7687801 ], [ -73.906551, 40.7688294 ], [ -73.9067815, 40.7688645 ], [ -73.9069064, 40.7688848 ] ] } },
{ "type": "Feature", "properties": { "u": 3778745484, "v": 597462633, "key": 0, "osmid": "5707799", "highway": "secondary", "lanes": "2", "maxspeed": "25 mph", "name": "Astoria Boulevard North", "oneway": false, "reversed": "True", "length": 44.180152167830776, "bridge": null, "access": null, "ref": null }, "geometry": { "type": "LineString", "coordinates": [ [ -73.9055937, 40.7686982 ], [ -73.9054688, 40.7686891 ], [ -73.9052631, 40.7686617 ], [ -73.9051675, 40.7686447 ], [ -73.9050785, 40.7686268 ] ] } },
{ "type": "Feature", "properties": { "u": 5104280319, "v": 42833276, "key": 0, "osmid": [ 421845656, 46139826 ], "highway": "secondary", "lanes": "5", "maxspeed": "25 mph", "name": "Hoyt Avenue North", "oneway": false, "reversed": "False", "length": 64.817846107992665, "bridge": null, "access": null, "ref": null }, "geometry": { "type": "LineString", "coordinates": [ [ -73.9176789, 40.7710774 ], [ -73.9180103, 40.7713145 ], [ -73.9182483, 40.7714694 ] ] } },
{ "type": "Feature", "properties": { "u": 5104280319, "v": 42849703, "key": 0, "osmid": "46139826", "highway": "secondary", "lanes": "5", "maxspeed": "25 mph", "name": "Hoyt Avenue North", "oneway": false, "reversed": "True", "length": 46.021877650632554, "bridge": null, "access": null, "ref": null }, "geometry": { "type": "LineString", "coordinates": [ [ -73.9176789, 40.7710774 ], [ -73.9174117, 40.7709414 ], [ -73.9173389, 40.7708937 ], [ -73.91724, 40.7708318 ] ] } },
{ "type": "Feature", "properties": { "u": 6358339109, "v": 276065579, "key": 0, "osmid": "46869140", "highway": "tertiary", "lanes": null, "maxspeed": null, "name": "Ditmars Boulevard", "oneway": false, "reversed": "True", "length": 72.605147113753389, "bridge": null, "access": null, "ref": null }, "geometry": { "type": "LineString", "coordinates": [ [ -73.8882373, 40.7683821 ], [ -73.8882708, 40.7684677 ], [ -73.8882894, 40.7685153 ], [ -73.8883207, 40.7685952 ], [ -73.8883994, 40.7687175 ], [ -73.8884879, 40.7687871 ], [ -73.8885993, 40.7688408 ], [ -73.8887179, 40.76888 ] ] } },
{ "type": "Feature", "properties": { "u": 6358339109, "v": 482663674, "key": 0, "osmid": "693946236", "highway": "tertiary", "lanes": "2", "maxspeed": null, "name": "Ditmars Boulevard", "oneway": false, "reversed": "False", "length": 135.97819826390278, "bridge": null, "access": null, "ref": null }, "geometry": { "type": "LineString", "coordinates": [ [ -73.8882373, 40.7683821 ], [ -73.8879317, 40.767335 ], [ -73.8879201, 40.7672953 ], [ -73.8879098, 40.7672621 ], [ -73.8878891, 40.767188 ] ] } },
{ "type": "Feature", "properties": { "u": 7659362778, "v": 597443933, "key": 0, "osmid": [ 420905641, 1376711900, 683931309 ], "highway": "secondary", "lanes": "3", "maxspeed": null, "name": "Astoria Boulevard North", "oneway": false, "reversed": "True", "length": 85.252623385720852, "bridge": null, "access": null, "ref": null }, "geometry": { "type": "LineString", "coordinates": [ [ -73.9134445, 40.7698831 ], [ -73.9132002, 40.7698453 ], [ -73.91287, 40.7697951 ], [ -73.9125398, 40.7697449 ], [ -73.9124529, 40.7697289 ] ] } },
{ "type": "Feature", "properties": { "u": 7659362778, "v": 42866632, "key": 0, "osmid": "850605625", "highway": "secondary", "lanes": "3", "maxspeed": null, "name": "Astoria Boulevard North", "oneway": false, "reversed": "False", "length": 83.160834781140608, "bridge": null, "access": null, "ref": null }, "geometry": { "type": "LineString", "coordinates": [ [ -73.9134445, 40.7698831 ], [ -73.9142424, 40.7700126 ], [ -73.9143224, 40.7700291 ], [ -73.9144077, 40.7700472 ] ] } },
{ "type": "Feature", "properties": { "u": 7659616012, "v": 42807768, "key": 0, "osmid": "46869137", "highway": "tertiary", "lanes": "2", "maxspeed": null, "name": "49th Street", "oneway": false, "reversed": "True", "length": 13.645409969551789, "bridge": null, "access": null, "ref": null }, "geometry": { "type": "LineString", "coordinates": [ [ -73.9021542, 40.7673359 ], [ -73.9021372, 40.7673486 ], [ -73.9020406, 40.7674234 ] ] } },
{ "type": "Feature", "properties": { "u": 7680510035, "v": 42827962, "key": 0, "osmid": [ 1038773813, 198595453 ], "highway": "secondary", "lanes": [ "2", "3" ], "maxspeed": "25 mph", "name": "Astoria Boulevard North", "oneway": false, "reversed": "False", "length": 82.77535548573141, "bridge": null, "access": null, "ref": null }, "geometry": { "type": "LineString", "coordinates": [ [ -73.8921216, 40.7666808 ], [ -73.8921736, 40.7666877 ], [ -73.8924705, 40.766733 ], [ -73.892554, 40.7667457 ], [ -73.8926791, 40.7667599 ], [ -73.8928064, 40.7667703 ], [ -73.8929496, 40.7667785 ], [ -73.8930935, 40.7667804 ] ] } },
{ "type": "Feature", "properties": { "u": 7680510035, "v": 42803578, "key": 0, "osmid": "1038773813", "highway": "secondary", "lanes": "3", "maxspeed": "25 mph", "name": "Astoria Boulevard North", "oneway": false, "reversed": "True", "length": 81.063771826427356, "bridge": null, "access": null, "ref": null }, "geometry": { "type": "LineString", "coordinates": [ [ -73.8921216, 40.7666808 ], [ -73.89162, 40.7666273 ], [ -73.8914966, 40.7666166 ], [ -73.891378, 40.7666086 ], [ -73.8912675, 40.7666044 ], [ -73.8911654, 40.7666041 ] ] } },
{ "type": "Feature", "properties": { "u": 7746623259, "v": 42866647, "key": 0, "osmid": "226829043", "highway": "secondary", "lanes": null, "maxspeed": null, "name": "Astoria Boulevard South", "oneway": false, "reversed": "True", "length": 83.278634479179786, "bridge": null, "access": null, "ref": null }, "geometry": { "type": "LineString", "coordinates": [ [ -73.9138905, 40.76934 ], [ -73.9147715, 40.7694848 ], [ -73.9148573, 40.7694974 ] ] } },
{ "type": "Feature", "properties": { "u": 7746623259, "v": 42888656, "key": 0, "osmid": "850605626", "highway": "secondary", "lanes": null, "maxspeed": null, "name": "Astoria Boulevard South", "oneway": false, "reversed": "False", "length": 85.206479891225001, "bridge": null, "access": null, "ref": null }, "geometry": { "type": "LineString", "coordinates": [ [ -73.9138905, 40.76934 ], [ -73.9129895, 40.7691955 ], [ -73.9129009, 40.7691804 ] ] } },
{ "type": "Feature", "properties": { "u": 7746623260, "v": 42912771, "key": 0, "osmid": "850605626", "highway": "secondary", "lanes": null, "maxspeed": null, "name": "Astoria Boulevard South", "oneway": false, "reversed": "False", "length": 84.471546051098642, "bridge": null, "access": null, "ref": null }, "geometry": { "type": "LineString", "coordinates": [ [ -73.9119219, 40.7690177 ], [ -73.9110758, 40.7688764 ], [ -73.9109422, 40.7688547 ] ] } },
{ "type": "Feature", "properties": { "u": 7746623260, "v": 42888656, "key": 0, "osmid": "850605626", "highway": "secondary", "lanes": null, "maxspeed": null, "name": "Astoria Boulevard South", "oneway": false, "reversed": "True", "length": 84.406455929048207, "bridge": null, "access": null, "ref": null }, "geometry": { "type": "LineString", "coordinates": [ [ -73.9119219, 40.7690177 ], [ -73.9128237, 40.7691675 ], [ -73.9129009, 40.7691804 ] ] } },
{ "type": "Feature", "properties": { "u": 13016596496, "v": 276065579, "key": 0, "osmid": "1416448005", "highway": "tertiary", "lanes": null, "maxspeed": null, "name": "81st Street", "oneway": false, "reversed": "False", "length": 11.633604045072493, "bridge": null, "access": null, "ref": null }, "geometry": { "type": "LineString", "coordinates": [ [ -73.8887606, 40.7689795 ], [ -73.8887179, 40.76888 ] ] } },
{ "type": "Feature", "properties": { "u": 13016596496, "v": 42908969, "key": 0, "osmid": "5707735", "highway": "tertiary", "lanes": null, "maxspeed": null, "name": "81st Street", "oneway": false, "reversed": "True", "length": 216.8994114091758, "bridge": null, "access": null, "ref": null }, "geometry": { "type": "LineString", "coordinates": [ [ -73.8887606, 40.7689795 ], [ -73.8887806, 40.7691029 ], [ -73.8887866, 40.7691516 ], [ -73.8890783, 40.7708307 ], [ -73.8890927, 40.7709138 ] ] } }
]
}
